Date,USD_VND,Price,Change %,Lag_1,Lag_5,ROC_5,Volatility_1_Week,DXY,US_Bond_10Y,US_Fed_Rate,VN_CPI,Month,DayOfWeek
2022-01-10,22695.0,22695.0,0.04,22685.0,22825.0,-0.5695509309967095,33.612497675716696,115.2216,1.78,,,1,0
2022-01-11,22698.0,22698.0,0.01,22695.0,22752.0,-0.2373417721519,31.965606517006115,114.8332,1.75,,,1,1
2022-01-12,22698.0,22698.0,0.0,22698.0,22755.0,-0.2504943968358653,23.42434630891644,114.355,1.74,,,1,2
2022-01-13,22710.0,22710.0,0.05,22698.0,22745.0,-0.15387997362057426,8.927485648269265,114.177,1.7,,,1,3
2022-01-14,22710.0,22710.0,0.0,22710.0,22685.0,0.11020498126514955,7.224956747278779,114.3825,1.78,,,1,4
2022-01-17,22720.0,22720.0,0.04,22710.0,22695.0,0.11015642211940069,9.33809402394539,114.3825,1.78,,,1,0
2022-01-18,22750.0,22750.0,0.13,22720.0,22698.0,0.22909507445589838,19.71801207018743,114.7373,1.87,,,1,1
2022-01-19,22700.0,22700.0,-0.22,22750.0,22698.0,0.008811349017534553,19.235384061673063,114.6109,1.83,,,1,2
2022-01-20,22645.0,22645.0,-0.24,22700.0,22710.0,-0.2862175253192434,38.4057287393439,114.4642,1.83,,,1,3
2022-01-21,22625.0,22625.0,-0.09,22645.0,22710.0,-0.37428445618670203,52.03364296299142,114.6125,1.75,,,1,4
2022-01-24,22675.0,22675.0,0.22,22625.0,22720.0,-0.1980633802816878,48.91318840558307,115.2034,1.75,,,1,0
2022-01-25,22630.0,22630.0,-0.2,22675.0,22750.0,-0.5274725274725278,31.81980515339568,115.1654,1.78,,,1,1
2022-01-26,22630.0,22630.0,0.0,22630.0,22700.0,-0.3083700440528636,20.432816741704173,115.0922,1.85,,,1,2
2022-01-27,22630.0,22630.0,0.0,22630.0,22645.0,-0.06623978803267372,20.796634343087018,115.978,1.81,,,1,3
2022-01-28,22645.0,22645.0,0.07,22630.0,22625.0,0.08839779005525017,19.557607215609643,116.0393,1.78,,,1,4
2022-01-31,22645.0,22645.0,0.0,22645.0,22675.0,-0.13230429988975168,8.215838362581533,115.566,1.79,,,1,0
2022-02-01,22645.0,22645.0,0.0,22645.0,22630.0,0.06628369421122215,8.215838362581533,115.3685,1.81,0.08,,2,1
2022-02-02,22645.0,22645.0,0.0,22645.0,22630.0,0.06628369421122215,6.7082039325043175,115.1538,1.78,0.08,,2,2
2022-02-03,22645.0,22645.0,0.0,22645.0,22630.0,0.06628369421122215,0.0,114.9065,1.82,0.08,,2,3
2022-02-04,22645.0,22645.0,0.0,22645.0,22645.0,0.0,0.0,115.1362,1.93,0.08,,2,4
2022-02-07,22665.0,22665.0,0.09,22645.0,22645.0,0.0883197173769057,8.94427191000287,115.0098,1.92,0.08,,2,0
2022-02-08,22715.0,22715.0,0.22,22665.0,22645.0,0.3091190108191588,30.331501776207297,115.0892,1.96,0.08,,2,1
2022-02-09,22680.0,22680.0,-0.15,22715.0,22645.0,0.15455950540959051,29.154759474227642,114.8232,1.94,0.08,,2,2
2022-02-10,22680.0,22680.0,0.0,22680.0,22645.0,0.15455950540959051,25.641762809917466,114.5527,2.03,0.08,,2,3
2022-02-11,22685.0,22685.0,0.02,22680.0,22645.0,0.1766394347538114,18.371173070875642,114.8413,1.92,0.08,,2,4
2022-02-14,22725.0,22725.0,0.18,22685.0,22665.0,0.2647253474520106,21.38924963620899,115.1946,1.98,0.08,,2,0
2022-02-15,22750.0,22750.0,0.11,22725.0,22715.0,0.15408320493066618,31.898275815474204,114.93,2.05,0.08,,2,1
2022-02-16,22750.0,22750.0,0.0,22750.0,22680.0,0.30864197530864335,34.02205167240898,114.6886,2.03,0.08,,2,2
2022-02-17,22785.0,22785.0,0.15,22750.0,22680.0,0.4629629629629539,36.97972417420209,114.6755,1.97,0.08,,2,3
2022-02-18,22820.0,22820.0,0.15,22785.0,22685.0,0.5951068988318209,36.97972417420209,114.7982,1.92,0.08,,2,4
2022-02-21,22800.0,22800.0,-0.09,22820.0,22725.0,0.3300330033003229,30.90307428072596,114.7982,1.92,0.08,,2,0
2022-02-22,22815.0,22815.0,0.07,22800.0,22750.0,0.28571428571428914,28.151376520519673,114.7002,1.94,0.08,,2,1
2022-02-23,22825.0,22825.0,0.04,22815.0,22750.0,0.3296703296703285,16.355427233798157,114.6668,1.99,0.08,,2,2
2022-02-24,22840.0,22840.0,0.07,22825.0,22785.0,0.24138687733157305,14.577379737115528,115.9419,1.96,0.08,,2,3
2022-02-25,22820.0,22820.0,-0.09,22840.0,22820.0,0.0,14.577379737115528,115.2577,1.97,0.08,,2,4
2022-02-28,22805.0,22805.0,-0.07,22820.0,22800.0,0.02192982456139525,12.94217910554735,115.2224,1.83,0.08,,2,0
2022-03-01,22815.0,22815.0,0.04,22805.0,22815.0,0.0,12.94217910554735,115.7962,1.72,0.2,,3,1
2022-03-02,22840.0,22840.0,0.11,22815.0,22825.0,0.0657174151150075,15.572411502399568,115.7623,1.86,0.2,,3,2
2022-03-03,22835.0,22835.0,-0.02,22840.0,22840.0,-0.02189141856392407,14.404860290890237,115.9495,1.86,0.2,,3,3
2022-03-04,22830.0,22830.0,-0.02,22835.0,22820.0,0.04382120946537782,14.577379737115528,116.6503,1.74,0.2,,3,4
2022-03-07,22845.0,22845.0,0.07,22830.0,22805.0,0.17540013155010747,11.510864433224222,117.3278,1.78,0.2,,3,0
2022-03-08,22845.0,22845.0,0.0,22845.0,22815.0,0.13149243918475495,6.519202405207741,117.6176,1.86,0.2,,3,1
2022-03-09,22835.0,22835.0,-0.04,22845.0,22840.0,-0.02189141856392407,6.7082039325043175,116.5961,1.94,0.2,,3,2
2022-03-10,22835.0,22835.0,0.0,22835.0,22835.0,0.0,6.7082039325043175,116.7401,1.98,0.2,,3,3
2022-03-11,22873.0,22873.0,0.17,22835.0,22830.0,0.18834866403854011,15.58204094462848,117.0192,2.0,0.2,,3,4
2022-03-14,22890.0,22890.0,0.07,22873.0,22845.0,0.1969796454366346,24.7345911629866,117.1506,2.14,0.2,,3,0
2022-03-15,22880.0,22880.0,-0.04,22890.0,22845.0,0.1532063908951553,25.90945773265252,117.246,2.15,0.2,,3,1
2022-03-16,22879.0,22879.0,0.0,22880.0,22835.0,0.19268666520690925,21.24382263153495,116.8073,2.19,0.2,,3,2
2022-03-17,22865.0,22865.0,-0.06,22879.0,22835.0,0.13137727173198055,9.235799911220775,116.0467,2.2,0.2,,3,3
2022-03-18,22860.0,22860.0,-0.02,22865.0,22873.0,-0.05683557032308828,12.1531888819396,116.1378,2.14,0.2,,3,4
2022-03-21,22860.0,22860.0,0.0,22860.0,22890.0,-0.1310615989515096,9.984988733098042,115.9398,2.32,0.2,,3,0
2022-03-22,22870.0,22870.0,0.04,22860.0,22880.0,-0.04370629370629153,7.981227975699794,116.0824,2.38,0.2,,3,1
2022-03-23,22872.0,22872.0,0.01,22870.0,22879.0,-0.03059574282092692,5.5497747702125055,116.005,2.32,0.2,,3,2
2022-03-24,22869.0,22869.0,-0.01,22872.0,22865.0,0.017493986442151943,5.761944116362675,115.9599,2.34,0.2,,3,3
2022-03-25,22861.0,22861.0,-0.03,22869.0,22860.0,0.004374453193345396,5.504543577817101,115.7921,2.48,0.2,,3,4
2022-03-28,22860.0,22860.0,0.0,22861.0,22860.0,0.0,5.504543577817101,116.1911,2.46,0.2,,3,0
2022-03-29,22865.0,22865.0,0.02,22860.0,22870.0,-0.021862702229991093,5.1283525619919414,115.5679,2.41,0.2,,3,1
2022-03-30,22854.0,22854.0,-0.05,22865.0,22872.0,-0.07869884575025798,5.6302753041117395,115.0818,2.35,0.2,,3,2
2022-03-31,22838.0,22838.0,-0.07,22854.0,22869.0,-0.13555468100923118,10.597169433394981,115.2218,2.32,0.2,,3,3
2022-04-01,22837.0,22837.0,0.0,22838.0,22861.0,-0.10498228423952982,12.755391017137628,115.4814,2.39,0.33,,4,4
2022-04-04,22846.0,22846.0,0.04,22837.0,22860.0,-0.061242344706913254,11.726039399561696,115.4112,2.42,0.33,,4,0
2022-04-05,22873.0,22873.0,0.12,22846.0,22865.0,0.03498797288432609,14.774978849395483,115.73,2.54,0.33,,4,1
2022-04-06,22866.0,22866.0,-0.03,22873.0,22854.0,0.05250721974272565,16.537835408543703,115.9995,2.61,0.33,,4,2
2022-04-07,22859.0,22859.0,-0.03,22866.0,22838.0,0.09195200980820495,14.652644812458986,116.3512,2.66,0.33,,4,3
2022-04-08,22860.0,22860.0,0.0,22859.0,22837.0,0.10071375399571814,9.984988733097133,116.4176,2.72,0.33,,4,4
2022-04-11,22860.0,22860.0,0.0,22860.0,22846.0,0.06127987393853562,5.941380311011777,116.5401,2.79,0.33,,4,0
2022-04-12,22888.0,22888.0,0.12,22860.0,22873.0,0.06557950421894887,12.280065146410415,116.3866,2.72,0.33,,4,1
2022-04-13,22887.0,22887.0,0.0,22888.0,22866.0,0.0918394122277677,15.254507530565771,116.2796,2.7,0.33,,4,2
2022-04-14,22900.0,22900.0,0.06,22887.0,22859.0,0.17936042696531374,18.083141320027625,116.7558,2.83,0.33,,4,3
2022-04-15,22899.0,22899.0,0.0,22900.0,22860.0,0.17060367454069247,16.14620698492662,116.7017,2.83,0.33,,4,4
2022-04-18,22890.0,22890.0,-0.04,22899.0,22860.0,0.1312335958005173,6.220932406006251,116.8441,2.85,0.33,,4,0
2022-04-19,22955.0,22955.0,0.28,22890.0,22888.0,0.2927298147500812,27.85139134765243,117.1324,2.93,0.33,,4,1
2022-04-20,22962.0,22962.0,0.03,22955.0,22887.0,0.3276969458644752,34.36131545794013,116.7306,2.85,0.33,,4,2
2022-04-21,22962.0,22962.0,0.0,22962.0,22900.0,0.2707423580786017,35.9485743806355,117.1432,2.9,0.33,,4,3
2022-04-22,22965.0,22965.0,0.01,22962.0,22899.0,0.2882221931088669,31.964042297558407,118.0186,2.9,0.33,,4,4
2022-04-25,22983.0,22983.0,0.08,22965.0,22890.0,0.4062909567496664,10.502380682498037,118.6271,2.81,0.33,,4,0
2022-04-26,22970.0,22970.0,-0.06,22983.0,22955.0,0.06534524068830816,8.792041856139136,118.9624,2.77,0.33,,4,1
2022-04-27,22965.0,22965.0,-0.02,22970.0,22962.0,0.013065064018813466,8.336666000272507,119.4708,2.82,0.33,,4,2
2022-04-28,22956.0,22956.0,-0.04,22965.0,22962.0,-0.026130128037626932,9.884331034526156,120.0675,2.85,0.33,,4,3
2022-04-29,22962.0,22962.0,0.03,22956.0,22965.0,-0.01306335728281649,10.183319694485622,119.4933,2.89,0.33,,4,4
2022-05-02,22962.0,22962.0,0.0,22962.0,22983.0,-0.09137188356611592,5.099019513602818,119.8825,2.99,0.33,,5,0
2022-05-03,22962.0,22962.0,0.0,22962.0,22970.0,-0.03482803656943423,3.2863353450465222,119.7043,2.97,0.33,,5,1
2022-05-04,22966.0,22966.0,0.02,22962.0,22965.0,0.004354452427612898,3.5777087640144334,119.5592,2.93,0.33,,5,2
2022-05-05,22955.0,22955.0,-0.05,22966.0,22956.0,-0.004356159609686383,3.974921382884338,120.0068,3.05,0.33,,5,3
2022-05-06,22955.0,22955.0,0.0,22955.0,22962.0,-0.03048514937723512,4.847679857427821,119.8577,3.12,0.33,,5,4
2022-05-09,22950.0,22950.0,-0.02,22955.0,22962.0,-0.052260256075253864,6.348228099250054,120.4972,3.05,0.33,,5,0
2022-05-10,22941.0,22941.0,-0.04,22950.0,22962.0,-0.09145544813169426,9.071934744039531,120.7742,2.99,0.33,,5,1
2022-05-11,23050.0,23050.0,0.48,22941.0,22966.0,0.3657580771575297,44.97443718380586,120.3925,2.91,0.33,,5,2
2022-05-12,23096.0,23096.0,0.2,23050.0,22955.0,0.6142452624700478,70.19472914685298,121.2796,2.84,0.33,,5,3
2022-05-13,23086.0,23086.0,-0.04,23096.0,22955.0,0.5706817686778498,74.27516408598542,120.8442,2.93,0.33,,5,4
2022-05-16,23095.0,23095.0,0.04,23086.0,22950.0,0.6318082788671076,65.67571849626094,120.6881,2.88,0.33,,5,0
2022-05-17,23120.0,23120.0,0.11,23095.0,22941.0,0.7802624122749569,25.373214222879792,119.8871,2.98,0.33,,5,1
2022-05-18,23139.0,23139.0,0.08,23120.0,23050.0,0.38611713665943626,21.787611158640686,120.0274,2.89,0.33,,5,2
2022-05-19,23140.0,23140.0,0.0,23139.0,23096.0,0.19050917907863507,24.809272460113007,119.4278,2.84,0.33,,5,3
2022-05-20,23160.0,23160.0,0.09,23140.0,23086.0,0.32054058736896707,24.509181952895293,119.3677,2.78,0.33,,5,4
2022-05-23,23170.0,23170.0,0.04,23160.0,23095.0,0.3247456159341855,19.575494885191073,118.7169,2.86,0.33,,5,0
2022-05-24,23210.0,23210.0,0.17,23170.0,23120.0,0.38927335640137617,29.02068228005948,118.6245,2.76,0.33,,5,1
2022-05-25,23190.0,23190.0,-0.09,23210.0,23139.0,0.2204071048878431,27.018512172215626,118.9598,2.75,0.33,,5,2
2022-05-26,23205.0,23205.0,0.06,23190.0,23140.0,0.2808988764045006,21.67948338868258,118.7687,2.75,0.33,,5,3
2022-05-27,23195.0,23195.0,-0.04,23205.0,23160.0,0.1511226252158826,15.572411502402701,118.2834,2.74,0.33,,5,4
2022-05-30,23176.0,23176.0,-0.08,23195.0,23170.0,0.025895554596466752,13.33041634759276,118.2834,2.74,0.33,,5,0
2022-05-31,23185.0,23185.0,0.04,23176.0,23210.0,-0.10771219302024848,10.848963084100381,118.0704,2.85,0.33,,5,1
2022-06-01,23196.0,23196.0,0.05,23185.0,23190.0,0.02587322121603286,11.148990985742643,118.6954,2.94,1.21,,6,2
2022-06-02,23193.0,23193.0,-0.01,23196.0,23205.0,-0.051712992889463294,8.45576726265434,118.0658,2.92,1.21,,6,3
2022-06-03,23187.0,23187.0,-0.03,23193.0,23195.0,-0.03449019185168822,7.765307463338273,118.2153,2.96,1.21,,6,4
2022-06-06,23180.0,23180.0,-0.03,23187.0,23176.0,0.017259233690025688,6.379655163108251,118.3081,3.04,1.21,,6,0
2022-06-07,23185.0,23185.0,0.02,23180.0,23185.0,0.0,6.379655163108251,118.4414,2.98,1.21,,6,1
2022-06-08,23187.0,23187.0,0.01,23185.0,23196.0,-0.038799793067767485,4.669047011990269,118.3951,3.03,1.21,,6,2
2022-06-09,23155.0,23155.0,-0.14,23187.0,23193.0,-0.16384253869702325,13.608820668969551,118.9226,3.04,1.21,,6,3
2022-06-10,23177.0,23177.0,0.1,23155.0,23187.0,-0.04312761461163772,12.814054783719751,119.9981,3.15,1.21,,6,4
2022-06-13,23195.0,23195.0,0.08,23177.0,23180.0,0.0647109577221805,15.270887335062548,121.1523,3.43,1.21,,6,0
2022-06-14,23210.0,23210.0,0.06,23195.0,23185.0,0.10782833728704144,20.5718253930024,121.6669,3.49,1.21,,6,1
2022-06-15,23230.0,23230.0,0.09,23210.0,23187.0,0.1854487428300411,28.98792852206175,121.6403,3.33,1.21,,6,2
2022-06-16,23232.0,23232.0,0.01,23230.0,23155.0,0.3325415676959542,23.402991261805592,120.6714,3.28,1.21,,6,3
2022-06-17,23220.0,23220.0,-0.05,23232.0,23177.0,0.18552875695732052,15.290519938842989,121.2369,3.25,1.21,,6,4
2022-06-20,23230.0,23230.0,0.04,23220.0,23195.0,0.15089458935115818,9.316651759089329,121.2369,3.25,1.21,,6,0
2022-06-21,23226.0,23226.0,-0.02,23230.0,23210.0,0.06893580353295459,4.774934554539467,120.6427,3.31,1.21,,6,1
2022-06-22,23235.0,23235.0,0.04,23226.0,23230.0,0.021523891519592553,5.813776741511221,120.5197,3.16,1.21,,6,2
2022-06-23,23244.0,23244.0,0.04,23235.0,23232.0,0.051652892561993013,9.110433579151724,120.7622,3.09,1.21,,6,3
2022-06-24,23247.0,23247.0,0.01,23244.0,23220.0,0.11627906976743319,8.96102672689522,120.4853,3.13,1.21,,6,4
2022-06-27,23245.0,23245.0,-0.01,23247.0,23230.0,0.06457167455875545,8.792041856140417,120.1736,3.2,1.21,,6,0
2022-06-28,23255.0,23255.0,0.04,23245.0,23226.0,0.12486007061052184,7.155417528007481,120.62,3.2,1.21,,6,1
2022-06-29,23265.0,23265.0,0.04,23255.0,23235.0,0.12911555842478606,8.843076387779947,120.9616,3.1,1.21,,6,2
2022-06-30,23255.0,23255.0,-0.04,23265.0,23244.0,0.047324040612628515,7.924645102470449,120.9652,2.98,1.21,,6,3
2022-07-01,23300.0,23300.0,0.19,23255.0,23247.0,0.22798640684820182,21.330729007704026,121.5058,2.88,1.68,,7,4
2022-07-04,23335.0,23335.0,0.15,23300.0,23245.0,0.38718003871800466,34.92849839314748,121.5058,2.88,1.68,,7,0
2022-07-05,23360.0,23360.0,0.11,23335.0,23255.0,0.45151580305311523,44.805133634440885,122.6203,2.82,1.68,,7,1
2022-07-06,23373.0,23373.0,0.06,23360.0,23265.0,0.464216634429393,47.83617877715702,123.0073,2.93,1.68,,7,2
2022-07-07,23350.0,23350.0,-0.1,23373.0,23255.0,0.4085142980004397,28.05886669130032,122.7257,3.01,1.68,,7,3
2022-07-08,23355.0,23355.0,0.02,23350.0,23300.0,0.23605150214591752,13.903237033158232,122.4662,3.09,1.68,,7,4
2022-07-11,23347.0,23347.0,-0.03,23355.0,23335.0,0.05142489822156371,10.222524150139801,123.2974,2.99,1.68,,7,0
2022-07-12,23389.0,23389.0,0.18,23347.0,23360.0,0.12414383561643039,17.782013384321736,123.4524,2.96,1.68,,7,1
2022-07-13,23388.0,23388.0,0.0,23389.0,23373.0,0.06417661404183317,20.92128103152864,123.2834,2.91,1.68,,7,2
2022-07-14,23415.0,23415.0,0.12,23388.0,23350.0,0.2783725910064261,27.73445510552194,124.0622,2.96,1.68,,7,3
2022-07-15,23450.0,23450.0,0.15,23415.0,23355.0,0.4067651466495459,37.996052426538064,123.4765,2.93,1.68,,7,4
2022-07-18,23440.0,23440.0,-0.04,23450.0,23347.0,0.39833811624618853,28.48332845719106,122.7727,2.96,1.68,,7,0
2022-07-19,23412.0,23412.0,-0.12,23440.0,23389.0,0.09833682500319796,24.535688292775028,122.4819,3.01,1.68,,7,1
2022-07-20,23410.0,23410.0,-0.01,23412.0,23388.0,0.09406533264921801,18.324846520509375,122.5997,3.04,1.68,,7,2
2022-07-21,23410.0,23410.0,0.0,23410.0,23415.0,-0.021353833013026957,19.15202339180449,122.9032,2.91,1.68,,7,3
2022-07-22,23400.0,23400.0,-0.04,23410.0,23450.0,-0.2132196162046962,15.059880477621482,122.451,2.77,1.68,,7,4
2022-07-25,23385.0,23385.0,-0.06,23400.0,23440.0,-0.23464163822525252,11.304866208861768,122.4594,2.81,1.68,,7,0
2022-07-26,23370.0,23370.0,-0.06,23385.0,23412.0,-0.17939518195797532,17.320508075696523,122.7581,2.81,1.68,,7,1
2022-07-27,23375.0,23375.0,0.02,23370.0,23410.0,-0.14950875694147436,16.8077363139796,122.8169,2.78,1.68,,7,2
2022-07-28,23358.0,23358.0,-0.07,23375.0,23410.0,-0.22212729602734127,15.852444606440345,122.1161,2.68,1.68,,7,3
2022-07-29,23335.0,23335.0,-0.1,23358.0,23400.0,-0.2777777777777768,19.191143790827997,121.7678,2.67,1.68,,7,4
2022-08-01,23355.0,23355.0,0.09,23335.0,23385.0,-0.12828736369467908,15.565988564823792,121.4109,2.6,2.33,,8,0
2022-08-02,23353.0,23353.0,-0.01,23355.0,23370.0,-0.07274283269148585,14.254823744972098,121.9486,2.75,2.33,,8,1
2022-08-03,23394.0,23394.0,0.18,23353.0,23375.0,0.08128342245989906,21.529050141616207,122.3888,2.73,2.33,,8,2
2022-08-04,23393.0,23393.0,0.0,23394.0,23358.0,0.14984159602706715,26.286878856194107,121.8333,2.68,2.33,,8,3
2022-08-05,23385.0,23385.0,-0.03,23393.0,23335.0,0.21427040925647844,20.396078054376652,122.321,2.83,2.33,,8,4
2022-08-08,23388.0,23388.0,0.01,23385.0,23355.0,0.141297366730897,16.949926253533594,121.8783,2.77,2.33,,8,0
2022-08-09,23385.0,23385.0,-0.01,23388.0,23353.0,0.1370273626514873,4.301162633549304,121.8614,2.8,2.33,,8,1
2022-08-10,23385.0,23385.0,0.0,23385.0,23394.0,-0.03847140292382312,3.4928498393491365,120.7543,2.78,2.33,,8,2
2022-08-11,23390.0,23390.0,0.02,23385.0,23393.0,-0.01282434916427544,2.3021728866972944,120.7163,2.87,2.33,,8,3
2022-08-12,23392.0,23392.0,0.01,23390.0,23385.0,0.029933718195418457,3.082207001524213,121.018,2.84,2.33,,8,4
2022-08-15,23400.0,23400.0,0.03,23392.0,23388.0,0.05130836326321386,6.188699378725753,121.4315,2.79,2.33,,8,0
2022-08-16,23403.0,23403.0,0.01,23400.0,23385.0,0.076972418216803,7.382411530132824,121.6807,2.82,2.33,,8,1
2022-08-17,23401.0,23401.0,-0.01,23403.0,23385.0,0.06841992730381996,5.805170109500427,122.0711,2.89,2.33,,8,2
2022-08-18,23401.0,23401.0,0.0,23401.0,23390.0,0.047028644719970814,4.277849927268935,122.3627,2.88,2.33,,8,3
2022-08-19,23400.0,23400.0,0.0,23401.0,23392.0,0.034199726402195374,1.224744871486085,123.0501,2.98,2.33,,8,4
2022-08-22,23410.0,23410.0,0.04,23400.0,23400.0,0.04273504273504258,4.062019202346471,123.605,3.03,2.33,,8,0
2022-08-23,23430.0,23430.0,0.09,23410.0,23403.0,0.1153698243814949,12.739701723361566,123.0547,3.05,2.33,,8,1
2022-08-24,23425.0,23425.0,-0.02,23430.0,23401.0,0.10255971967010336,13.736811857203826,123.109,3.11,2.33,,8,2
2022-08-25,23423.0,23423.0,-0.01,23425.0,23401.0,0.09401307636425216,12.300406497356715,123.0586,3.03,2.33,,8,3
2022-08-26,23412.0,23412.0,-0.05,23423.0,23400.0,0.05128205128204222,8.63133825082897,123.0656,3.04,2.33,,8,4
2022-08-29,23430.0,23430.0,0.08,23412.0,23410.0,0.08543357539512186,7.382411530131823,123.4686,3.12,2.33,,8,0
2022-08-30,23415.0,23415.0,-0.06,23430.0,23430.0,-0.0640204865556937,7.382411530131823,123.6848,3.11,2.33,,8,1
2022-08-31,23450.0,23450.0,0.15,23415.0,23425.0,0.10672358591248265,15.149257407550486,123.535,3.15,2.33,,8,2
2022-09-01,23450.0,23450.0,0.0,23450.0,23423.0,0.11527131451991579,18.297540818378156,124.4006,3.26,2.56,,9,3
2022-09-02,23450.0,23450.0,0.0,23450.0,23412.0,0.16230992653341048,15.968719422677761,123.7743,3.2,2.56,,9,4
2022-09-05,23505.0,23505.0,0.23,23450.0,23430.0,0.3201024327784907,32.28776858192907,123.7743,3.2,2.56,,9,0
2022-09-06,23520.0,23520.0,0.06,23505.0,23415.0,0.4484304932735439,34.64101615138052,124.767,3.33,2.56,,9,1
2022-09-07,23580.0,23580.0,0.26,23520.0,23450.0,0.5543710021322035,54.35991169970943,124.8408,3.27,2.56,,9,2
2022-09-08,23542.0,23542.0,-0.16,23580.0,23450.0,0.3923240938166206,47.977077860163554,124.578,3.29,2.56,,9,3
2022-09-09,23515.0,23515.0,-0.11,23542.0,23450.0,0.27718550106610174,29.85464787935326,123.7874,3.33,2.56,,9,4
2022-09-12,23520.0,23520.0,0.02,23515.0,23505.0,0.06381620931716903,27.033312782568224,123.3332,3.37,2.56,,9,0
2022-09-13,23553.0,23553.0,0.14,23520.0,23520.0,0.14030612244897434,26.353367906211904,124.4242,3.42,2.56,,9,1
2022-09-14,23590.0,23590.0,0.16,23553.0,23580.0,0.042408821034767286,30.074906483647787,124.4509,3.41,2.56,,9,2
2022-09-15,23620.0,23620.0,0.13,23590.0,23542.0,0.3313227423328513,45.202876014698305,124.8843,3.45,2.56,,9,3
2022-09-16,23650.0,23650.0,0.13,23620.0,23515.0,0.5741016372528218,51.747463705965686,124.8794,3.45,2.56,,9,4
2022-09-19,23670.0,23670.0,0.08,23650.0,23520.0,0.6377551020408267,46.72044520336135,125.0104,3.49,2.56,,9,0
2022-09-20,23670.0,23670.0,0.0,23670.0,23553.0,0.4967520061138764,34.64101615138216,125.1248,3.57,2.56,,9,1
2022-09-21,23690.0,23690.0,0.08,23670.0,23590.0,0.4239084357778644,26.45751311065195,125.7399,3.51,2.56,,9,2
2022-09-22,23700.0,23700.0,0.04,23690.0,23620.0,0.3386960203217715,19.493588689626126,126.1667,3.7,2.56,,9,3
2022-09-23,23700.0,23700.0,0.0,23700.0,23650.0,0.21141649048626032,15.16575088811364,127.2853,3.69,2.56,,9,4
2022-09-26,23715.0,23715.0,0.06,23700.0,23670.0,0.19011406844107182,16.58312395178664,128.4539,3.88,2.56,,9,0
2022-09-27,23730.0,23730.0,0.06,23715.0,23670.0,0.25348542458809575,15.65247584250874,128.4386,3.97,2.56,,9,1
2022-09-28,23730.0,23730.0,0.0,23730.0,23690.0,0.16884761502744539,15.000000000010656,128.0884,3.72,2.56,,9,2
2022-09-29,23820.0,23820.0,0.38,23730.0,23700.0,0.5063291139240533,46.957427527498986,127.5437,3.76,2.56,,9,3
2022-09-30,23855.0,23855.0,0.15,23820.0,23700.0,0.6540084388185763,63.14665470157797,127.5148,3.83,2.56,,9,4
2022-10-03,23880.0,23880.0,0.1,23855.0,23715.0,0.6957621758380661,69.96427659884951,127.0813,3.67,2.56,,10,0
2022-10-04,23875.0,23875.0,-0.02,23880.0,23730.0,0.6110408765276132,61.704943075902115,126.1819,3.62,2.56,,10,1
2022-10-05,23865.0,23865.0,-0.04,23875.0,23730.0,0.568900126422256,23.82225849914991,126.8616,3.76,2.56,,10,2
2022-10-06,23870.0,23870.0,0.02,23865.0,23820.0,0.2099076406381295,9.617692030852316,127.2493,3.83,2.56,,10,3
2022-10-07,23875.0,23875.0,0.02,23870.0,23855.0,0.08383986585620562,5.7008771255237685,127.3111,3.89,2.56,,10,4
2022-10-10,23870.0,23870.0,-0.02,23875.0,23880.0,-0.041876046901168085,4.183300132708642,127.3111,3.89,2.56,,10,0
2022-10-11,23925.0,23925.0,0.23,23870.0,23875.0,0.20942408376962707,24.849547279584797,127.6641,3.93,2.56,,10,1
2022-10-12,23945.0,23945.0,0.08,23925.0,23865.0,0.33521893987009665,35.4612464529988,128.1481,3.91,2.56,,10,2
2022-10-13,24120.0,24120.0,0.73,23945.0,23870.0,1.047339757017185,101.89455333824434,127.7286,3.97,2.56,,10,3
2022-10-14,24110.0,24110.0,-0.04,24120.0,23875.0,0.9842931937172672,113.87493139405319,128.3325,4.0,2.56,,10,4
2022-10-17,24310.0,24310.0,0.83,24110.0,23870.0,1.8433179723502224,156.22899858861132,127.6448,4.02,2.56,,10,0
2022-10-18,24430.0,24430.0,0.49,24310.0,23925.0,2.1107628004179757,189.12958520548898,127.9153,4.01,2.56,,10,1
2022-10-19,24450.0,24450.0,0.08,24430.0,23945.0,2.1089997911881486,163.3401359127643,128.3968,4.14,2.56,,10,2
2022-10-20,24530.0,24530.0,0.33,24450.0,24120.0,1.6998341625207303,163.3401359127643,128.0052,4.24,2.56,,10,3
2022-10-21,24820.0,24820.0,1.18,24530.0,24110.0,2.9448361675653345,191.36352839556528,127.6735,4.21,2.56,,10,4
2022-10-24,24830.0,24830.0,0.04,24820.0,24310.0,2.1390374331550888,198.04039991880526,128.0304,4.25,2.56,,10,0
2022-10-25,24840.0,24840.0,0.04,24830.0,24430.0,1.678264428980758,188.49403173575635,127.3771,4.1,2.56,,10,1
2022-10-26,24830.0,24830.0,-0.04,24840.0,24450.0,1.5541922290388532,134.35028842544523,126.4723,4.04,2.56,,10,2
2022-10-27,24830.0,24830.0,0.0,24830.0,24530.0,1.2229922543823823,7.0710678118881125,126.7028,3.96,2.56,,10,3
2022-10-28,24820.0,24820.0,-0.04,24830.0,24820.0,0.0,7.0710678118881125,127.2135,4.02,2.56,,10,4
2022-10-31,24840.0,24840.0,0.08,24820.0,24830.0,0.0402738622633958,8.366600265359887,127.6219,4.1,2.56,,10,0
2022-11-01,24850.0,24850.0,0.04,24840.0,24840.0,0.040257648953301306,11.40175425100542,127.3987,4.07,3.78,,11,1
2022-11-02,24835.0,24835.0,-0.06,24850.0,24830.0,0.0201369311316979,11.180339887513266,127.3115,4.1,3.78,,11,2
2022-11-03,24860.0,24860.0,0.1,24835.0,24830.0,0.12082158679016519,15.165750888113656,128.1743,4.14,3.78,,11,3
2022-11-04,24870.0,24870.0,0.04,24860.0,24820.0,0.20145044319097583,14.317821063287534,127.1468,4.17,3.78,,11,4
2022-11-07,24870.0,24870.0,0.0,24870.0,24840.0,0.12077294685990392,14.832396974202117,126.3062,4.22,3.78,,11,0
2022-11-08,24871.0,24871.0,0.0,24870.0,24850.0,0.08450704225351213,15.319921670828409,125.633,4.14,3.78,,11,1
2022-11-09,24862.0,24862.0,-0.04,24871.0,24835.0,0.10871753573584719,5.176871642247842,125.9861,4.12,3.78,,11,2
2022-11-10,24865.0,24865.0,0.01,24862.0,24860.0,0.02011263073209424,3.911521443161431,124.7044,3.82,3.78,,11,3
2022-11-11,24805.0,24805.0,-0.24,24865.0,24870.0,-0.26135906714918056,27.969626382922744,124.7044,3.82,3.78,,11,4
2022-11-14,24735.0,24735.0,-0.28,24805.0,24870.0,-0.5428226779252143,58.204810797735945,123.4277,3.88,3.78,,11,0
2022-11-15,24765.0,24765.0,0.12,24735.0,24871.0,-0.4261991878090954,57.747727228006454,123.039,3.8,3.78,,11,1
2022-11-16,24775.0,24775.0,0.04,24765.0,24862.0,-0.34993162255650967,49.29503017546762,123.2817,3.67,3.78,,11,2
2022-11-17,24805.0,24805.0,0.12,24775.0,24865.0,-0.24130303639654516,29.495762407509716,123.977,3.77,3.78,,11,3
2022-11-18,24800.0,24800.0,-0.02,24805.0,24805.0,-0.020157226365646874,28.372521918226855,123.8524,3.82,3.78,,11,4
2022-11-21,24835.0,24835.0,0.14,24800.0,24735.0,0.4042854255104089,27.477263328072965,124.7009,3.83,3.78,,11,0
2022-11-22,24850.0,24850.0,0.06,24835.0,24765.0,0.3432263274782965,29.706901555030328,124.2365,3.76,3.78,,11,1
2022-11-23,24844.0,24844.0,-0.02,24850.0,24775.0,0.2785065590312774,22.884492565933535,123.7574,3.71,3.78,,11,2
2022-11-24,24833.0,24833.0,-0.04,24844.0,24805.0,0.11288046764765802,19.372661149162546,123.7574,3.71,3.78,,11,3
2022-11-25,24760.0,24760.0,-0.29,24833.0,24800.0,-0.1612903225806428,36.65105728352576,123.3386,3.68,3.78,,11,4
2022-11-28,24770.0,24770.0,0.04,24760.0,24835.0,-0.26172740084557944,42.939492311860306,123.6032,3.69,3.78,,11,0
2022-11-29,24750.0,24750.0,-0.08,24770.0,24850.0,-0.4024144869215318,43.746999897139766,123.6615,3.75,3.78,,11,1
2022-11-30,24630.0,24630.0,-0.48,24750.0,24844.0,-0.8613749798744186,73.78888805233696,123.5175,3.68,3.78,,11,2
2022-12-01,24500.0,24500.0,-0.53,24630.0,24833.0,-1.3409575967462617,116.4903429473889,122.0045,3.53,4.1,,12,3
2022-12-02,24350.0,24350.0,-0.61,24500.0,24760.0,-1.6558966074313397,176.63521732655772,122.0102,3.51,4.1,,12,4
2022-12-05,23980.0,23980.0,-1.52,24350.0,24770.0,-3.189341945902302,298.11071768723826,122.6384,3.6,4.1,,12,0
2022-12-06,23980.0,23980.0,0.0,23980.0,24750.0,-3.111111111111109,298.11071768723826,123.0191,3.51,4.1,,12,1
2022-12-07,23900.0,23900.0,-0.33,23980.0,24630.0,-2.9638652050345105,265.7442379431778,122.7608,3.42,4.1,,12,2
2022-12-08,23780.0,23780.0,-0.5,23900.0,24500.0,-2.9387755102040836,213.11968468445207,122.4152,3.48,4.1,,12,3
2022-12-09,23550.0,23550.0,-0.97,23780.0,24350.0,-3.285420944558526,180.6100772382324,122.4201,3.57,4.1,,12,4
2022-12-12,23680.0,23680.0,0.55,23550.0,23980.0,-1.2510425354462007,171.23083834403275,122.7714,3.61,4.1,,12,0
2022-12-13,23600.0,23600.0,-0.34,23680.0,23980.0,-1.5846538782318564,140.7835217630255,121.8493,3.51,4.1,,12,1
2022-12-14,23520.0,23520.0,-0.34,23600.0,23900.0,-1.589958158995819,105.26157893552745,121.8226,3.49,4.1,,12,2
2022-12-15,23500.0,23500.0,-0.09,23520.0,23780.0,-1.1774600504625754,72.1110255092817,122.5519,3.44,4.1,,12,3
2022-12-16,23580.0,23580.0,0.34,23500.0,23550.0,0.1273885350318471,71.27411872482378,122.6505,3.48,4.1,,12,4
2022-12-19,23700.0,23700.0,0.51,23580.0,23680.0,0.08445945945945166,78.74007874011987,122.5275,3.57,4.1,,12,0
2022-12-20,23730.0,23730.0,0.13,23700.0,23600.0,0.5508474576271238,104.30723848324371,122.1357,3.69,4.1,,12,1
2022-12-21,23700.0,23700.0,-0.13,23730.0,23520.0,0.7653061224489832,98.08159868191524,122.2828,3.68,4.1,,12,2
2022-12-22,23630.0,23630.0,-0.3,23700.0,23500.0,0.553191489361704,61.40032573203726,122.2419,3.67,4.1,,12,3
2022-12-23,23560.0,23560.0,-0.3,23630.0,23580.0,-0.08481764206954567,68.7749954561996,121.9743,3.75,4.1,,12,4
2022-12-26,23590.0,23590.0,0.13,23560.0,23700.0,-0.4641350210970452,71.90271204899211,121.9743,3.75,4.1,,12,0
2022-12-27,23580.0,23580.0,-0.04,23590.0,23730.0,-0.6321112515802807,55.40758070878277,121.7539,3.84,4.1,,12,1
2022-12-28,23620.0,23620.0,0.17,23580.0,23700.0,-0.33755274261603185,28.809720581780667,122.0075,3.88,4.1,,12,2
2022-12-29,23600.0,23600.0,-0.08,23620.0,23630.0,-0.12695725772323696,22.36067977500408,121.6577,3.83,4.1,,12,3
2022-12-30,23610.0,23610.0,0.04,23600.0,23560.0,0.21222410865875396,15.81138830085064,121.4256,3.88,4.1,,12,4
2023-01-02,23610.0,23610.0,0.0,23610.0,23590.0,0.08478168715557732,15.165750888112216,121.4256,3.88,4.1,,1,0
2023-01-03,23515.0,23515.0,-0.4,23610.0,23580.0,-0.27565733672604287,43.06971093471927,122.0905,3.79,4.1,,1,1
2023-01-04,23510.0,23510.0,-0.02,23515.0,23620.0,-0.46570702794241914,51.76871642218181,121.5008,3.69,4.1,,1,2
2023-01-05,23475.0,23475.0,-0.15,23510.0,23600.0,-0.5296610169491567,62.18922736294668,122.1017,3.71,4.1,,1,3
2023-01-06,23460.0,23460.0,-0.06,23475.0,23610.0,-0.6353240152477735,58.459387612258446,121.0852,3.55,4.1,,1,4
2023-01-09,23447.0,23447.0,-0.06,23460.0,23610.0,-0.6903854299025847,30.121420949223033,120.1508,3.53,4.1,,1,0
2023-01-10,23445.0,23445.0,-0.01,23447.0,23515.0,-0.29768233042738457,26.670208098181718,120.2483,3.61,4.1,,1,1
2023-01-11,23440.0,23440.0,-0.02,23445.0,23510.0,-0.2977456401531242,14.152738250965538,120.1614,3.54,4.1,,1,2
2023-01-12,23438.0,23438.0,-0.01,23440.0,23475.0,-0.15761448349307372,8.631338250836476,119.4218,3.43,4.1,,1,3
2023-01-13,23435.0,23435.0,-0.01,23438.0,23460.0,-0.10656436487638254,4.94974746834148,119.1673,3.49,4.1,,1,4
2023-01-16,23445.0,23445.0,0.04,23435.0,23447.0,-0.008529875890306293,4.39317652733815,119.1673,3.49,4.1,,1,0
2023-01-17,23427.0,23427.0,-0.08,23445.0,23445.0,-0.07677543186180857,6.670832032089617,119.2121,3.53,4.1,,1,1
2023-01-18,23437.0,23437.0,0.04,23427.0,23440.0,-0.012798634812283272,6.465291950125115,119.0755,3.37,4.1,,1,2
2023-01-19,23440.0,23440.0,0.01,23437.0,23438.0,0.00853315129276666,6.648308055464493,119.6107,3.39,4.1,,1,3
2023-01-20,23440.0,23440.0,0.0,23440.0,23435.0,0.021335609131645228,6.685805860205258,119.3486,3.48,4.1,,1,4
2023-01-23,23440.0,23440.0,0.0,23440.0,23445.0,-0.021326508850505466,5.630275304135142,119.1434,3.52,4.1,,1,0
2023-01-24,23440.0,23440.0,0.0,23440.0,23427.0,0.055491526870699026,1.3416407866325553,119.0958,3.46,4.1,,1,1
2023-01-25,23440.0,23440.0,0.0,23440.0,23437.0,0.012800273072488544,0.0,118.9686,3.46,4.1,,1,2
2023-01-26,23440.0,23440.0,0.0,23440.0,23440.0,0.0,0.0,119.021,3.49,4.1,,1,3
2023-01-27,23460.0,23460.0,0.09,23440.0,23440.0,0.08532423208191808,8.944271910019,118.9223,3.52,4.1,,1,4
2023-01-30,23470.0,23470.0,0.04,23460.0,23440.0,0.12798634812287712,14.1421356237435,118.8953,3.55,4.1,,1,0
2023-01-31,23445.0,23445.0,-0.11,23470.0,23440.0,0.02133105802046842,13.416407865011966,118.9802,3.52,4.1,,1,1
2023-02-01,23440.0,23440.0,-0.02,23445.0,23440.0,0.0,13.416407865011966,118.6259,3.39,4.57,,2,2
2023-02-02,23449.0,23449.0,0.04,23440.0,23440.0,0.03839590443686092,12.111977542926427,118.3421,3.4,4.57,,2,3
2023-02-03,23440.0,23440.0,-0.04,23449.0,23460.0,-0.08525149190110604,12.43784547260298,119.5095,3.53,4.57,,2,4
2023-02-06,23480.0,23480.0,0.17,23440.0,23470.0,0.04260758414997845,16.754103974857987,120.541,3.63,4.57,,2,0
2023-02-07,23600.0,23600.0,0.51,23480.0,23445.0,0.6611217743655473,68.08964679009857,120.3475,3.67,4.57,,2,1
2023-02-08,23590.0,23590.0,-0.04,23600.0,23440.0,0.6399317406143412,77.46741250358377,120.1436,3.63,4.57,,2,2
2023-02-09,23560.0,23560.0,-0.13,23590.0,23449.0,0.4733677342317444,70.56911505751239,119.9781,3.67,4.57,,2,3
2023-02-10,23565.0,23565.0,0.02,23560.0,23440.0,0.5332764505119547,47.22287581247485,120.1419,3.74,4.57,,2,4
2023-02-13,23595.0,23595.0,0.13,23565.0,23480.0,0.48977853492333523,18.234582528822042,119.9828,3.72,4.57,,2,0
2023-02-14,23600.0,23600.0,0.02,23595.0,23600.0,0.0,18.234582528822042,119.9229,3.77,4.57,,2,1
2023-02-15,23615.0,23615.0,0.06,23600.0,23590.0,0.1059771089444661,23.611437906244127,120.4557,3.81,4.57,,2,2
2023-02-16,23680.0,23680.0,0.28,23615.0,23560.0,0.5093378607809784,42.63214749458936,120.4651,3.86,4.57,,2,3
2023-02-17,23810.0,23810.0,0.55,23680.0,23565.0,1.039677487799695,90.48480535427161,120.5526,3.82,4.57,,2,4
2023-02-20,23725.0,23725.0,-0.36,23810.0,23595.0,0.5509641873278293,85.68838894506315,120.5526,3.82,4.57,,2,0
2023-02-21,23705.0,23705.0,-0.08,23725.0,23600.0,0.44491525423728806,70.94011559054879,120.6256,3.95,4.57,,2,1
2023-02-22,23780.0,23780.0,0.32,23705.0,23615.0,0.6987084480203354,53.73546315051562,120.8389,3.93,4.57,,2,2
2023-02-23,23815.0,23815.0,0.15,23780.0,23680.0,0.5701013513513598,49.824692673416685,121.0896,3.88,4.57,,2,3
2023-02-24,23780.0,23780.0,-0.15,23815.0,23810.0,-0.12599748005039935,44.91658936295611,121.5681,3.95,4.57,,2,4
2023-02-27,23805.0,23805.0,0.11,23780.0,23725.0,0.33719704952581697,43.098723879024796,121.3941,3.92,4.57,,2,0
2023-02-28,23740.0,23740.0,-0.27,23805.0,23705.0,0.1476481754904002,29.025850547407256,121.3341,3.92,4.57,,2,1
2023-03-01,23710.0,23710.0,-0.13,23740.0,23780.0,-0.2943650126156383,44.30011286667814,120.6347,4.01,4.65,,3,2
2023-03-02,23700.0,23700.0,-0.04,23710.0,23815.0,-0.48288893554482293,44.94441010849316,121.1302,4.08,4.65,,3,3
2023-03-03,23710.0,23710.0,0.04,23700.0,23780.0,-0.2943650126156383,42.95346318983397,120.7742,3.97,4.65,,3,4
2023-03-06,23650.0,23650.0,-0.25,23710.0,23805.0,-0.6511237135055636,32.7108544675987,120.485,3.98,4.65,,3,0
2023-03-07,23640.0,23640.0,-0.04,23650.0,23740.0,-0.4212299915754003,34.20526275298031,121.4623,3.97,4.65,,3,1
2023-03-08,23710.0,23710.0,0.3,23640.0,23710.0,0.0,34.20526275298031,121.4511,3.98,4.65,,3,2
2023-03-09,23680.0,23680.0,-0.13,23710.0,23700.0,-0.08438818565400519,32.7108544675987,121.4458,3.93,4.65,,3,3
2023-03-10,23660.0,23660.0,-0.08,23680.0,23710.0,-0.2108814846056517,27.74887385103082,121.2421,3.7,4.65,,3,4
2023-03-13,23570.0,23570.0,-0.38,23660.0,23650.0,-0.33826638477800763,52.63078946776708,120.8897,3.55,4.65,,3,0
2023-03-14,23570.0,23570.0,0.0,23570.0,23640.0,-0.29610829103214886,64.57553716385503,121.0141,3.64,4.65,,3,1
2023-03-15,23565.0,23565.0,-0.02,23570.0,23710.0,-0.6115563053563866,56.16938667993823,122.1079,3.51,4.65,,3,2
2023-03-16,23560.0,23560.0,-0.02,23565.0,23680.0,-0.5067567567567544,42.1307488658868,121.7221,3.56,4.65,,3,3
2023-03-17,23570.0,23570.0,0.04,23560.0,23660.0,-0.3803888419273038,4.472135955046761,121.5643,3.39,4.65,,3,4
2023-03-20,23570.0,23570.0,0.0,23570.0,23570.0,0.0,4.472135955046761,121.0141,3.47,4.65,,3,0
2023-03-21,23570.0,23570.0,0.0,23570.0,23570.0,0.0,4.472135955046761,120.8958,3.59,4.65,,3,1
2023-03-22,23510.0,23510.0,-0.25,23570.0,23565.0,-0.23339698705707734,26.076809620818686,120.6217,3.48,4.65,,3,2
2023-03-23,23490.0,23490.0,-0.09,23510.0,23560.0,-0.29711375212223556,38.98717737924127,119.7587,3.38,4.65,,3,3
2023-03-24,23510.0,23510.0,0.09,23490.0,23570.0,-0.2545608824777279,37.41657386774505,120.4598,3.38,4.65,,3,4
2023-03-27,23500.0,23500.0,-0.04,23510.0,23570.0,-0.2969876962240159,31.304951685003797,120.2541,3.53,4.65,,3,0
2023-03-28,23480.0,23480.0,-0.09,23500.0,23570.0,-0.38184132371659185,13.038404810421481,119.7138,3.55,4.65,,3,1
2023-03-29,23480.0,23480.0,0.0,23480.0,23510.0,-0.12760527435133895,13.038404810421481,119.7258,3.57,4.65,,3,2
2023-03-30,23470.0,23470.0,-0.04,23480.0,23490.0,-0.08514261387824185,16.431676725167826,119.4078,3.55,4.65,,3,3
2023-03-31,23450.0,23450.0,-0.09,23470.0,23510.0,-0.2552105487026779,18.165902124596567,119.3602,3.48,4.65,,3,4
2023-04-03,23470.0,23470.0,0.09,23450.0,23500.0,-0.1276595744680864,12.24744871393312,119.3204,3.43,4.65,,4,0
2023-04-04,23460.0,23460.0,-0.04,23470.0,23480.0,-0.08517887563883608,11.401754251009885,119.142,3.35,4.65,,4,1
2023-04-05,23465.0,23465.0,0.02,23460.0,23480.0,-0.06388415672913261,8.366600265365975,119.2953,3.3,4.65,,4,2
2023-04-06,23451.0,23451.0,-0.06,23465.0,23470.0,-0.08095440988495906,8.70057469368684,119.3072,3.3,4.65,,4,3
2023-04-07,23442.0,23442.0,-0.04,23451.0,23450.0,-0.034115138592749616,11.193748255183099,119.3547,3.39,4.65,,4,4
2023-04-10,23440.0,23440.0,-0.01,23442.0,23470.0,-0.12782275244993535,10.922453936749003,119.7948,3.41,4.65,,4,0
2023-04-11,23445.0,23445.0,0.02,23440.0,23460.0,-0.06393861892582953,10.064790112088692,119.5248,3.43,4.65,,4,1
2023-04-12,23442.0,23442.0,-0.01,23445.0,23465.0,-0.09801832516513898,4.301162633566749,119.003,3.41,4.65,,4,2
2023-04-13,23440.0,23440.0,-0.01,23442.0,23451.0,-0.046906315295724976,2.0493901532871788,118.3915,3.45,4.65,,4,3
2023-04-14,23440.0,23440.0,0.0,23440.0,23442.0,-0.008531695247848692,2.1908902301099062,118.8567,3.52,4.65,,4,4
2023-04-17,23485.0,23485.0,0.19,23440.0,23440.0,0.19197952218430459,19.449935732551268,119.2787,3.6,4.65,,4,0
2023-04-18,23505.0,23505.0,0.09,23485.0,23445.0,0.2559181062060212,30.599019592143026,119.1049,3.58,4.65,,4,1
2023-04-19,23511.0,23511.0,0.03,23505.0,23442.0,0.2943434860506855,34.4194712335959,119.303,3.6,4.65,,4,2
2023-04-20,23488.0,23488.0,-0.1,23511.0,23440.0,0.20477815699657675,27.869337989990502,119.1199,3.54,4.65,,4,3
2023-04-21,23485.0,23485.0,-0.01,23488.0,23440.0,0.19197952218430459,12.296340919165186,119.3117,3.57,4.65,,4,4
2023-04-24,23494.0,23494.0,0.04,23485.0,23485.0,0.03832233340430591,11.10405331400823,119.2039,3.52,4.65,,4,0
2023-04-25,23473.0,23473.0,-0.09,23494.0,23505.0,-0.13614124654328652,13.91761473817756,119.613,3.4,4.65,,4,1
2023-04-26,23465.0,23465.0,-0.03,23473.0,23511.0,-0.19565309854961965,11.768602295954349,119.3228,3.43,4.65,,4,2
2023-04-27,23445.0,23445.0,-0.09,23465.0,23488.0,-0.18307220708446703,18.915602025850365,119.4298,3.53,4.65,,4,3
2023-04-28,23450.0,23450.0,0.02,23445.0,23485.0,-0.14903129657227732,19.552493447137813,119.2248,3.44,4.65,,4,4
2023-05-01,23450.0,23450.0,0.0,23450.0,23494.0,-0.18728185919809626,11.84483009588475,119.4435,3.59,5.06,,5,0
2023-05-02,23450.0,23450.0,0.0,23450.0,23473.0,-0.09798491884293048,7.5828754440759285,119.6105,3.44,5.06,,5,1
2023-05-03,23450.0,23450.0,0.0,23450.0,23465.0,-0.06392499467291479,2.2360679775824592,119.1233,3.38,5.06,,5,2
2023-05-04,23445.0,23445.0,-0.02,23450.0,23445.0,0.0,2.2360679775824592,119.0465,3.37,5.06,,5,3
2023-05-05,23440.0,23440.0,-0.02,23445.0,23450.0,-0.04264392324093702,4.4721359550409145,118.5548,3.44,5.06,,5,4
2023-05-08,23443.0,23443.0,0.01,23440.0,23450.0,-0.029850746268655914,4.393176527339702,118.5759,3.52,5.06,,5,0
2023-05-09,23460.0,23460.0,0.07,23443.0,23450.0,0.04264392324093702,7.82943165244912,118.8239,3.53,5.06,,5,1
2023-05-10,23465.0,23465.0,0.02,23460.0,23450.0,0.06396588486141663,11.148990985751922,118.5864,3.43,5.06,,5,2
2023-05-11,23465.0,23465.0,0.0,23465.0,23445.0,0.08530603540199966,12.17784874271252,119.0303,3.39,5.06,,5,3
2023-05-12,23450.0,23450.0,-0.06,23465.0,23440.0,0.04266211604095904,9.762171889512524,119.3671,3.46,5.06,,5,4
2023-05-15,23458.0,23458.0,0.03,23450.0,23443.0,0.06398498485689075,6.188699378738153,119.1608,3.5,5.06,,5,0
2023-05-16,23450.0,23450.0,-0.03,23458.0,23460.0,-0.04262574595055302,7.50333259294764,119.1743,3.54,5.06,,5,1
2023-05-17,23450.0,23450.0,0.0,23450.0,23465.0,-0.06392499467291479,6.767569726303889,119.607,3.57,5.06,,5,2
2023-05-18,23450.0,23450.0,0.0,23450.0,23465.0,-0.06392499467291479,3.577708764052692,120.0886,3.65,5.06,,5,3
2023-05-19,23460.0,23460.0,0.04,23450.0,23450.0,0.04264392324093702,4.979959839233955,119.7751,3.7,5.06,,5,4
2023-05-22,23438.0,23438.0,-0.09,23460.0,23458.0,-0.08525876033762536,7.797435475871269,120.0875,3.72,5.06,,5,0
2023-05-23,23470.0,23470.0,0.14,23438.0,23450.0,0.08528784648187404,12.033287165208977,120.3204,3.7,5.06,,5,1
2023-05-24,23470.0,23470.0,0.0,23470.0,23450.0,0.08528784648187404,13.74045122986834,120.4752,3.73,5.06,,5,2
2023-05-25,23470.0,23470.0,0.0,23470.0,23450.0,0.08528784648187404,13.885243966182143,120.8413,3.83,5.06,,5,3
2023-05-26,23475.0,23475.0,0.02,23470.0,23460.0,0.06393861892584063,15.026643005022882,120.6304,3.8,5.06,,5,4
2023-05-29,23465.0,23465.0,-0.04,23475.0,23438.0,0.11519754245243874,3.5355339059914535,120.6304,3.8,5.06,,5,0
2023-05-30,23480.0,23480.0,0.06,23465.0,23470.0,0.04260758414997845,5.700877125532104,120.5546,3.69,5.06,,5,1
2023-05-31,23485.0,23485.0,0.02,23480.0,23470.0,0.06391137622496768,7.905694150447207,120.9662,3.64,5.06,,5,2
2023-06-01,23485.0,23485.0,0.0,23485.0,23470.0,0.06391137622496768,8.366600265365568,120.0491,3.61,5.08,,6,3
2023-06-02,23475.0,23475.0,-0.04,23485.0,23475.0,0.0,8.366600265365568,120.0049,3.69,5.08,,6,4
2023-06-05,23495.0,23495.0,0.09,23475.0,23465.0,0.12784998934582958,7.416198487123655,120.0048,3.69,5.08,,6,0
2023-06-06,23485.0,23485.0,-0.04,23495.0,23480.0,0.02129471890970347,7.071067811894833,119.9718,3.7,5.08,,6,1
2023-06-07,23485.0,23485.0,0.0,23485.0,23485.0,0.0,7.071067811894833,119.859,3.79,5.08,,6,2
2023-06-08,23490.0,23490.0,0.02,23485.0,23485.0,0.02129018522460946,7.416198487123655,119.5712,3.73,5.08,,6,3
2023-06-09,23470.0,23470.0,-0.09,23490.0,23475.0,-0.021299254526097045,9.354143466957046,119.4322,3.75,5.08,,6,4
2023-06-12,23480.0,23480.0,0.04,23470.0,23495.0,-0.06384337092998349,7.582875444078927,119.6376,3.73,5.08,,6,0
2023-06-13,23495.0,23495.0,0.06,23480.0,23485.0,0.04258037044921892,9.617692030857256,119.1899,3.84,5.08,,6,1
2023-06-14,23500.0,23500.0,0.02,23495.0,23485.0,0.06387055567382838,12.041594578809535,118.776,3.83,5.08,,6,2
2023-06-15,23525.0,23525.0,0.11,23500.0,23490.0,0.14899957428693433,21.0356839679725,118.5521,3.72,5.08,,6,3
2023-06-16,23520.0,23520.0,-0.02,23525.0,23470.0,0.21303792074989225,18.506755523332963,118.4184,3.77,5.08,,6,4
2023-06-19,23520.0,23520.0,0.0,23520.0,23480.0,0.17035775127767216,13.509256086121663,118.4184,3.77,5.08,,6,0
2023-06-20,23520.0,23520.0,0.0,23520.0,23495.0,0.10640561821664285,9.746794344830262,118.938,3.74,5.08,,6,1
2023-06-21,23505.0,23505.0,-0.06,23520.0,23500.0,0.02127659574469032,7.582875444078927,118.727,3.72,5.08,,6,2
2023-06-22,23515.0,23515.0,0.04,23505.0,23525.0,-0.04250797024442088,6.519202405234492,118.7552,3.8,5.08,,6,3
2023-06-23,23515.0,23515.0,0.0,23515.0,23520.0,-0.02125850340135571,6.123724356991845,119.152,3.74,5.08,,6,4
2023-06-26,23530.0,23530.0,0.06,23515.0,23520.0,0.04251700680271142,9.08295106231533,119.0761,3.72,5.08,,6,0
2023-06-27,23520.0,23520.0,-0.04,23530.0,23520.0,0.0,9.08295106231533,118.8949,3.77,5.08,,6,1
2023-06-28,23555.0,23555.0,0.15,23520.0,23505.0,0.21272069772388935,16.807736313983963,119.3382,3.71,5.08,,6,2
2023-06-29,23569.0,23569.0,0.06,23555.0,23515.0,0.22964065490111985,23.274449510147868,119.527,3.85,5.08,,6,3
2023-06-30,23575.0,23575.0,0.03,23569.0,23515.0,0.25515628322347883,24.035390573078548,119.3606,3.81,5.08,,6,4
2023-07-03,23695.0,23695.0,0.51,23575.0,23530.0,0.7012324691882732,66.25103772772516,119.2119,3.86,5.08,,7,0
2023-07-04,23700.0,23700.0,0.02,23695.0,23520.0,0.7653061224489832,72.23018759494188,119.2119,3.86,5.08,,7,1
2023-07-05,23745.0,23745.0,0.19,23700.0,23555.0,0.8066227977074902,79.85111145125364,119.3483,3.95,5.08,,7,2
2023-07-06,23710.0,23710.0,-0.15,23745.0,23569.0,0.5982434553863047,64.51743950282396,119.8193,4.05,5.08,,7,3
2023-07-07,23635.0,23635.0,-0.32,23710.0,23575.0,0.25450689289501227,39.78064856183909,119.0761,4.06,5.08,,7,4
2023-07-10,23640.0,23640.0,0.02,23635.0,23695.0,-0.2321164802700948,47.355041970212106,118.9548,4.01,5.08,,7,0
2023-07-11,23690.0,23690.0,0.21,23640.0,23700.0,-0.042194092827008145,46.8241390737785,118.7344,3.99,5.08,,7,1
2023-07-12,23660.0,23660.0,-0.13,23690.0,23745.0,-0.35797009896820775,32.32645975049774,117.6385,3.86,5.08,,7,2
2023-07-13,23665.0,23665.0,0.02,23660.0,23710.0,-0.1897933361450832,21.96588263650132,117.1831,3.76,5.08,,7,3
2023-07-14,23630.0,23630.0,-0.15,23665.0,23635.0,-0.021155066638456343,23.34523505986929,117.0463,3.83,5.08,,7,4
2023-07-17,23630.0,23630.0,0.0,23630.0,23640.0,-0.04230118443316888,25.495097567974714,117.1267,3.81,5.08,,7,0
2023-07-18,23635.0,23635.0,0.02,23630.0,23690.0,-0.2321654706627263,17.102631376503155,117.0264,3.8,5.08,,7,1
2023-07-19,23630.0,23630.0,-0.02,23635.0,23660.0,-0.1267962806424383,15.247950681994949,117.3462,3.75,5.08,,7,2
2023-07-20,23647.0,23647.0,0.07,23630.0,23665.0,-0.07606169448552969,7.368853370813163,117.5947,3.85,5.08,,7,3
2023-07-21,23656.0,23656.0,0.04,23647.0,23630.0,0.11002962336013056,11.502173707632396,117.9418,3.84,5.08,,7,4
2023-07-24,23665.0,23665.0,0.04,23656.0,23630.0,0.14811680067710054,14.467204291104855,117.8124,3.86,5.08,,7,0
2023-07-25,23655.0,23655.0,-0.04,23665.0,23635.0,0.08462026655384758,13.164345787032866,117.8565,3.91,5.08,,7,1
2023-07-26,23665.0,23665.0,0.04,23655.0,23630.0,0.14811680067710054,7.602631123537608,117.76,3.86,5.08,,7,2
2023-07-27,23661.0,23661.0,-0.02,23665.0,23647.0,0.059204127373457816,4.774934554586823,117.8938,4.01,5.08,,7,3
2023-07-28,23685.0,23685.0,0.1,23661.0,23656.0,0.12259046330740375,11.278297743923105,117.788,3.96,5.08,,7,4
2023-07-31,23680.0,23680.0,-0.02,23685.0,23665.0,0.06338474540461547,12.774975538159682,117.8241,3.97,5.08,,7,0
2023-08-01,23680.0,23680.0,0.0,23680.0,23655.0,0.10568590150072943,10.521406750077373,118.5738,4.05,5.33,,8,1
2023-08-02,23735.0,23735.0,0.23,23680.0,23665.0,0.2957954785548278,27.72543958173722,119.1268,4.08,5.33,,8,2
2023-08-03,23750.0,23750.0,0.06,23735.0,23661.0,0.3761464012510096,33.800887562319346,119.3963,4.2,5.33,,8,3
2023-08-04,23725.0,23725.0,-0.11,23750.0,23685.0,0.16888325944690585,32.28776858193447,118.821,4.05,5.33,,8,4
2023-08-07,23720.0,23720.0,-0.02,23725.0,23680.0,0.16891891891892552,26.124700955236882,119.0809,4.09,5.33,,8,0
2023-08-08,23730.0,23730.0,0.04,23720.0,23680.0,0.21114864864864025,11.510864433245438,119.6407,4.02,5.33,,8,1
2023-08-09,23735.0,23735.0,0.02,23730.0,23735.0,0.0,11.510864433245438,119.476,4.0,5.33,,8,2
2023-08-10,23740.0,23740.0,0.02,23735.0,23750.0,-0.042105263157898865,7.9056941504560365,119.1581,4.09,5.33,,8,3
2023-08-11,23750.0,23750.0,0.04,23740.0,23725.0,0.10537407797681642,11.18033988752376,119.6268,4.16,5.33,,8,4
2023-08-14,23815.0,23815.0,0.27,23750.0,23720.0,0.4005059021922497,34.892692644743754,120.0725,4.19,5.33,,8,0
2023-08-15,23965.0,23965.0,0.63,23815.0,23730.0,0.9903076274757616,97.17252698165544,120.2127,4.21,5.33,,8,1
2023-08-16,23935.0,23935.0,-0.13,23965.0,23735.0,0.8426374552348959,104.12732590439724,120.3551,4.28,5.33,,8,2
2023-08-17,23850.0,23850.0,-0.36,23935.0,23740.0,0.4633529907329459,87.79236868885903,120.5242,4.3,5.33,,8,3
2023-08-18,23805.0,23805.0,-0.19,23850.0,23750.0,0.2315789473684271,72.14568594171487,120.4321,4.26,5.33,,8,4
2023-08-21,23805.0,23805.0,0.0,23805.0,23815.0,-0.0419903422212875,74.29670248403058,120.4627,4.34,5.33,,8,0
2023-08-22,23920.0,23920.0,0.48,23805.0,23965.0,-0.18777383684539517,61.907188597129455,120.3554,4.34,5.33,,8,1
2023-08-23,23985.0,23985.0,0.27,23920.0,23935.0,0.2088991017338726,78.31028029576036,120.0307,4.19,5.33,,8,2
2023-08-24,23995.0,23995.0,0.04,23985.0,23850.0,0.607966457023057,93.11283477588123,120.2354,4.23,5.33,,8,3
2023-08-25,24024.0,24024.0,0.12,23995.0,23805.0,0.919974795211087,87.4110976936028,120.5137,4.25,5.33,,8,4
2023-08-28,24080.0,24080.0,0.23,24024.0,23805.0,1.1552194917034297,58.35837557712366,120.3155,4.2,5.33,,8,0
2023-08-29,24180.0,24180.0,0.42,24080.0,23920.0,1.0869565217391353,80.1355102311121,120.2669,4.12,5.33,,8,1
2023-08-30,24110.0,24110.0,-0.29,24180.0,23985.0,0.5211590577444136,72.86425735572067,119.7937,4.12,5.33,,8,2
2023-08-31,24060.0,24060.0,-0.21,24110.0,23995.0,0.2708897687018208,58.84895920915428,120.225,4.09,5.33,,8,3
2023-09-01,24060.0,24060.0,0.0,24060.0,24024.0,0.14985014985013922,50.1996015920517,120.759,4.18,5.33,,9,4
2023-09-04,24060.0,24060.0,0.0,24060.0,24080.0,-0.08305647840531893,52.725705305863094,120.759,4.18,5.33,,9,0
2023-09-05,24050.0,24050.0,-0.04,24060.0,24180.0,-0.5376344086021501,23.87467277264172,121.4345,4.27,5.33,,9,1
2023-09-06,24055.0,24055.0,0.02,24050.0,24110.0,-0.22812111157196613,4.472135955080063,121.8671,4.3,5.33,,9,2
2023-09-07,24060.0,24060.0,0.02,24055.0,24060.0,0.0,4.472135955080063,121.9528,4.27,5.33,,9,3
2023-09-08,24055.0,24055.0,-0.02,24060.0,24060.0,-0.020781379883627604,4.183300132756418,121.9475,4.26,5.33,,9,4
2023-09-11,24075.0,24075.0,0.08,24055.0,24060.0,0.06234413965087171,9.617692030873096,121.3386,4.29,5.33,,9,0
2023-09-12,24100.0,24100.0,0.1,24075.0,24050.0,0.20790020790020236,19.17028951269959,121.2913,4.27,5.33,,9,1
2023-09-13,24155.0,24155.0,0.23,24100.0,24055.0,0.4157139887757122,40.83503397819965,121.0549,4.25,5.33,,9,2
2023-09-14,24220.0,24220.0,0.27,24155.0,24060.0,0.6650041562759723,66.83935966180945,121.2395,4.29,5.33,,9,3
2023-09-15,24250.0,24250.0,0.12,24220.0,24055.0,0.8106422781126499,75.08328708841083,121.199,4.33,5.33,,9,4
2023-09-18,24370.0,24370.0,0.49,24250.0,24075.0,1.2253374870197398,102.49390225765003,121.1938,4.32,5.33,,9,0
2023-09-19,24370.0,24370.0,0.0,24370.0,24100.0,1.120331950207465,94.97368056467391,121.1645,4.37,5.33,,9,1
2023-09-20,24270.0,24270.0,-0.41,24370.0,24155.0,0.47609190643758126,69.85699678629707,120.9648,4.35,5.33,,9,2
2023-09-21,24310.0,24310.0,0.16,24270.0,24220.0,0.37159372419488523,55.49774770205292,121.5528,4.49,5.33,,9,3
2023-09-22,24360.0,24360.0,0.21,24310.0,24250.0,0.4536082474226877,44.49719092258207,121.5306,4.44,5.33,,9,4
2023-09-25,24380.0,24380.0,0.08,24360.0,24370.0,0.04103405826836326,46.58325879541619,122.1143,4.55,5.33,,9,0
2023-09-26,24380.0,24380.0,0.0,24380.0,24370.0,0.04103405826836326,48.47679857417072,122.4742,4.56,5.33,,9,1
2023-09-27,24385.0,24385.0,0.02,24380.0,24270.0,0.4738360115368767,31.144823004806437,122.9895,4.61,5.33,,9,2
2023-09-28,24385.0,24385.0,0.0,24385.0,24310.0,0.3085150143973703,10.368220676698597,122.5342,4.59,5.33,,9,3
2023-09-29,24280.0,24280.0,-0.43,24385.0,24360.0,-0.3284072249589487,45.907515724559964,122.3077,4.59,5.33,,9,4
2023-10-02,24340.0,24340.0,0.25,24280.0,24380.0,-0.1640689089417502,45.46977017756655,123.0545,4.69,5.33,,10,0
2023-10-03,24385.0,24385.0,0.18,24340.0,24380.0,0.02050861361770906,46.23310502227511,123.7848,4.81,5.33,,10,1
2023-10-04,24420.0,24420.0,0.14,24385.0,24385.0,0.14353085913472174,53.92123885817833,123.5946,4.73,5.33,,10,2
2023-10-05,24380.0,24380.0,-0.16,24420.0,24385.0,-0.020504408447818978,53.432200029576926,123.8993,4.72,5.33,,10,3
2023-10-06,24360.0,24360.0,-0.08,24380.0,24280.0,0.32948929159801743,29.916550603315223,123.3563,4.78,5.33,,10,4
2023-10-09,24370.0,24370.0,0.04,24360.0,24340.0,0.12325390304026573,22.803508501998554,123.3563,4.78,5.33,,10,0
2023-10-10,24390.0,24390.0,0.08,24370.0,24385.0,0.020504408447807876,23.02172886645832,122.9282,4.66,5.33,,10,1
2023-10-11,24440.0,24440.0,0.21,24390.0,24420.0,0.08190008190007703,31.144823004806437,122.7697,4.58,5.33,,10,2
2023-10-12,24435.0,24435.0,-0.02,24440.0,24380.0,0.22559474979491068,36.81032463862171,123.2101,4.7,5.33,,10,3
2023-10-13,24440.0,24440.0,0.02,24435.0,24360.0,0.3284072249589487,32.78719262152099,123.5954,4.63,5.33,,10,4
2023-10-16,24460.0,24460.0,0.08,24440.0,24370.0,0.36930652441526934,25.884358211103482,123.3185,4.71,5.33,,10,0
2023-10-17,24490.0,24490.0,0.12,24460.0,24390.0,0.41000410004099486,22.803508501998554,123.1202,4.83,5.33,,10,1
2023-10-18,24555.0,24555.0,0.27,24490.0,24440.0,0.4705400981996677,49.16807907576541,123.8148,4.91,5.33,,10,2
2023-10-19,24550.0,24550.0,-0.02,24555.0,24435.0,0.4706363822385873,52.009614495790295,123.798,4.98,5.33,,10,3
2023-10-20,24520.0,24520.0,-0.12,24550.0,24440.0,0.3273322422258529,40.311288741501684,123.612,4.93,5.33,,10,4
2023-10-23,24590.0,24590.0,0.29,24520.0,24460.0,0.5314799672935466,37.815340802387595,123.2846,4.86,5.33,,10,0
2023-10-24,24550.0,24550.0,-0.16,24590.0,24490.0,0.24499795835035698,24.89979919599193,123.6416,4.83,5.33,,10,1
2023-10-25,24560.0,24560.0,0.04,24550.0,24555.0,0.0203624516391665,25.099800796036615,123.7871,4.95,5.33,,10,2
2023-10-26,24590.0,24590.0,0.12,24560.0,24550.0,0.16293279022403517,29.49576240751746,124.0064,4.86,5.33,,10,3
2023-10-27,24570.0,24570.0,-0.08,24590.0,24520.0,0.2039151712887488,17.88854382001845,123.62,4.84,5.33,,10,4
2023-10-30,24558.0,24558.0,-0.05,24570.0,24590.0,-0.13013420089467154,15.388307249360368,123.4076,4.88,5.33,,10,0
2023-10-31,24560.0,24560.0,0.01,24558.0,24550.0,0.04073319755599769,13.371611720384365,123.8364,4.88,5.33,,10,1
2023-11-01,24585.0,24585.0,0.1,24560.0,24560.0,0.10179153094462823,14.449913494576,123.7922,4.77,5.33,,11,2
2023-11-02,24570.0,24570.0,-0.06,24585.0,24590.0,-0.08133387555917526,10.714476188816807,122.8818,4.67,5.33,,11,3
2023-11-03,24520.0,24520.0,-0.2,24570.0,24570.0,-0.20350020350020648,24.07903652559014,121.7564,4.57,5.33,,11,4
2023-11-06,24335.0,24335.0,-0.75,24520.0,24558.0,-0.9080544018242542,102.9198717449682,121.6484,4.67,5.33,,11,0
2023-11-07,24310.0,24310.0,-0.1,24335.0,24560.0,-1.017915309446249,131.69092603517035,122.0777,4.58,5.33,,11,1
2023-11-08,24370.0,24370.0,0.25,24310.0,24585.0,-0.8745169818995313,116.53325705566075,122.0926,4.49,5.33,,11,2
2023-11-09,24340.0,24340.0,-0.12,24370.0,24570.0,-0.9361009361009365,83.81527307120525,122.1281,4.62,5.33,,11,3
2023-11-10,24315.0,24315.0,-0.1,24340.0,24520.0,-0.8360522022838546,23.822258499158004,122.1281,4.61,5.33,,11,4
2023-11-13,24383.0,24383.0,0.28,24315.0,24335.0,0.19724676392027796,32.439173848924135,122.4264,4.63,5.33,,11,0
2023-11-14,24355.0,24355.0,-0.11,24383.0,24310.0,0.18510900863841773,26.482069405557038,121.35,4.44,5.33,,11,1
2023-11-15,24290.0,24290.0,-0.27,24355.0,24370.0,-0.3282724661469061,35.85108087632381,121.0749,4.53,5.33,,11,2
2023-11-16,24288.0,24288.0,-0.01,24290.0,24340.0,-0.2136400986031184,41.68572897288373,121.1754,4.45,5.33,,11,3
2023-11-17,24250.0,24250.0,-0.16,24288.0,24315.0,-0.26732469668928616,54.283514993050424,120.8477,4.44,5.33,,11,4
2023-11-20,24170.0,24170.0,-0.33,24250.0,24383.0,-0.8735594471558028,67.72591822929166,120.2533,4.42,5.33,,11,0
2023-11-21,24130.0,24130.0,-0.17,24170.0,24355.0,-0.9238349414904534,72.22741861648261,120.2241,4.41,5.33,,11,1
2023-11-22,24205.0,24205.0,0.31,24130.0,24290.0,-0.3499382461918499,62.648224236610154,120.6802,4.42,5.33,,11,2
2023-11-23,24240.0,24240.0,0.14,24205.0,24288.0,-0.19762845849802257,49.799598391960465,120.6802,4.42,5.33,,11,3
2023-11-24,24260.0,24260.0,0.08,24240.0,24250.0,0.04123711340207059,52.48809388804809,120.2105,4.47,5.33,,11,4
2023-11-27,24230.0,24230.0,-0.12,24260.0,24170.0,0.24824162184526877,50.44799302252322,120.173,4.39,5.33,,11,0
2023-11-28,24230.0,24230.0,0.0,24230.0,24130.0,0.4144218814753353,19.874606914365668,119.5904,4.34,5.33,,11,1
2023-11-29,24260.0,24260.0,0.12,24230.0,24205.0,0.22722577979756853,15.165750888121288,119.8159,4.27,5.33,,11,2
2023-11-30,24250.0,24250.0,-0.04,24260.0,24240.0,0.04125412541253759,15.165750888121288,120.2434,4.37,5.33,,11,3
2023-12-01,24290.0,24290.0,0.16,24250.0,24260.0,0.12366034624897715,24.899799195988543,119.9424,4.22,5.33,,12,4
2023-12-04,24250.0,24250.0,-0.16,24290.0,24230.0,0.08254230293025522,21.908902300219232,120.4727,4.28,5.33,,12,0
2023-12-05,24266.0,24266.0,0.07,24250.0,24230.0,0.1485761452744594,16.46815108020785,120.7913,4.18,5.33,,12,1
2023-12-06,24274.0,24274.0,0.03,24266.0,24260.0,0.05770816158285896,16.970562748493354,120.5334,4.12,5.33,,12,2
2023-12-07,24275.0,24275.0,0.0,24274.0,24250.0,0.10309278350515427,14.594519519345276,120.6013,4.14,5.33,,12,3
2023-12-08,24220.0,24220.0,-0.23,24275.0,24290.0,-0.2881844380403509,22.978250586164087,120.7607,4.23,5.33,,12,4
2023-12-11,24250.0,24250.0,0.12,24220.0,24250.0,0.0,22.978250586164087,120.9279,4.23,5.33,,12,0
2023-12-12,24260.0,24260.0,0.04,24250.0,24266.0,-0.02472595400972999,22.543291685123343,120.6817,4.2,5.33,,12,1
2023-12-13,24279.0,24279.0,0.08,24260.0,24274.0,0.020598170882424327,23.63683565963414,121.1571,4.04,5.33,,12,2
2023-12-14,24245.0,24245.0,-0.14,24279.0,24275.0,-0.12358393408856694,21.580083410416805,119.5683,3.92,5.33,,12,3
2023-12-15,24260.0,24260.0,0.06,24245.0,24220.0,0.16515276630884035,13.026895255606915,119.7382,3.91,5.33,,12,4
2023-12-18,24350.0,24350.0,0.37,24260.0,24250.0,0.4123711340206171,41.58966217704313,119.9102,3.95,5.33,,12,0
2023-12-19,24350.0,24350.0,0.0,24350.0,24260.0,0.37098103874690924,50.03698632012712,119.4632,3.93,5.33,,12,1
2023-12-20,24335.0,24335.0,-0.06,24350.0,24279.0,0.23065200378928896,51.30789412946698,119.5435,3.86,5.33,,12,2
2023-12-21,24320.0,24320.0,-0.06,24335.0,24245.0,0.309342132398438,37.34969879397412,119.3168,3.89,5.33,,12,3
2023-12-22,24235.0,24235.0,-0.35,24320.0,24260.0,-0.10305028854080689,48.036444497907965,119.0625,3.9,5.33,,12,4
2023-12-25,24230.0,24230.0,-0.02,24235.0,24350.0,-0.4928131416837789,57.16205034811638,119.0625,3.9,5.33,,12,0
2023-12-26,24325.0,24325.0,0.39,24230.0,24350.0,-0.10266940451745254,51.889305256484135,118.8875,3.89,5.33,,12,1
2023-12-27,24345.0,24345.0,0.08,24325.0,24335.0,0.041093075816722724,54.24481542046753,118.4729,3.79,5.33,,12,2
2023-12-28,24235.0,24235.0,-0.45,24345.0,24320.0,-0.34950657894736725,56.16938667993974,118.4104,3.84,5.33,,12,3
2023-12-29,24260.0,24260.0,0.1,24235.0,24235.0,0.1031565917062105,52.844110362467,118.4208,3.88,5.33,,12,4
2024-01-01,24260.0,24260.0,0.0,24260.0,24230.0,0.12381345439538283,47.30221982106751,118.4208,3.88,5.33,3.62109273885843,1,0
2024-01-02,24325.0,24325.0,0.27,24260.0,24325.0,0.0,47.30221982106751,119.2686,3.95,5.33,3.62109273885843,1,1
2024-01-03,24370.0,24370.0,0.18,24325.0,24345.0,0.10269049086053528,55.7897840110588,119.6958,3.91,5.33,3.62109273885843,1,2
2024-01-04,24360.0,24360.0,-0.04,24370.0,24235.0,0.5157829585310525,52.91502622129741,119.6208,3.99,5.33,3.62109273885843,1,3
2024-01-05,24370.0,24370.0,0.04,24360.0,24260.0,0.45342126957954587,46.85082710049623,119.388,4.05,5.33,3.62109273885843,1,4
2024-01-08,24330.0,24330.0,-0.16,24370.0,24260.0,0.2885408079142726,21.908902300220156,119.2506,4.01,5.33,3.62109273885843,1,0
2024-01-09,24360.0,24360.0,0.12,24330.0,24325.0,0.14388489208632116,16.431676725173,119.6666,4.02,5.33,3.62109273885843,1,1
2024-01-10,24405.0,24405.0,0.18,24360.0,24370.0,0.1436192039392603,26.925824035683515,119.7614,4.04,5.33,3.62109273885843,1,2
2024-01-11,24475.0,24475.0,0.29,24405.0,24360.0,0.4720853858784846,55.52026656997057,119.8916,3.98,5.33,3.62109273885843,1,3
2024-01-12,24490.0,24490.0,0.06,24475.0,24370.0,0.4924086992203591,69.87488819311693,119.534,3.96,5.33,3.62109273885843,1,4
2024-01-15,24470.0,24470.0,-0.08,24490.0,24330.0,0.5754212905877409,55.33985905295199,119.534,3.96,5.33,3.62109273885843,1,0
2024-01-16,24500.0,24500.0,0.12,24470.0,24360.0,0.5747126436781658,37.181984885164375,120.5759,4.07,5.33,3.62109273885843,1,1
2024-01-17,24530.0,24530.0,0.12,24500.0,24405.0,0.5121901249743877,23.874672772639045,121.0402,4.1,5.33,3.62109273885843,1,2
2024-01-18,24545.0,24545.0,0.06,24530.0,24475.0,0.28600612870275377,30.331501776215962,120.8895,4.14,5.33,3.62109273885843,1,3
2024-01-19,24540.0,24540.0,-0.02,24545.0,24490.0,0.20416496529196415,31.543620591184393,120.6442,4.15,5.33,3.62109273885843,1,4
2024-01-22,24550.0,24550.0,0.04,24540.0,24470.0,0.3269309358397976,19.874606914366687,120.6178,4.11,5.33,3.62109273885843,1,0
2024-01-23,24565.0,24565.0,0.06,24550.0,24500.0,0.26530612244897167,12.942179105567659,121.1001,4.14,5.33,3.62109273885843,1,1
2024-01-24,24600.0,24600.0,0.14,24565.0,24530.0,0.2853648593558855,24.23839928709386,120.4916,4.18,5.33,3.62109273885843,1,2
2024-01-25,24605.0,24605.0,0.02,24600.0,24545.0,0.24444897127724463,29.283100928702755,120.8311,4.14,5.33,3.62109273885843,1,3
2024-01-26,24595.0,24595.0,-0.04,24605.0,24540.0,0.22412387938059997,24.135036772306606,120.6173,4.15,5.33,3.62109273885843,1,4
2024-01-29,24530.0,24530.0,-0.26,24595.0,24550.0,-0.08146639511201759,31.503968004056127,120.8538,4.08,5.33,3.62109273885843,1,0
2024-01-30,24395.0,24395.0,-0.55,24530.0,24565.0,-0.692041522491349,89.23284148787705,120.6025,4.06,5.33,3.62109273885843,1,1
2024-01-31,24415.0,24415.0,0.08,24395.0,24600.0,-0.7520325203252076,98.5900603509329,120.4331,3.99,5.33,3.62109273885843,1,2
2024-02-01,24400.0,24400.0,-0.06,24415.0,24605.0,-0.8331639910587274,90.45717218662428,120.3335,3.87,5.33,3.62109273885843,2,3
2024-02-02,24335.0,24335.0,-0.27,24400.0,24595.0,-1.0571254319983736,71.1512473537927,120.902,4.03,5.33,3.62109273885843,2,4
2024-02-05,24370.0,24370.0,0.14,24335.0,24530.0,-0.6522625356706113,31.34485603732442,121.349,4.17,5.33,3.62109273885843,2,0
2024-02-06,24355.0,24355.0,-0.06,24370.0,24395.0,-0.16396802623488416,32.596012026022336,120.9588,4.09,5.33,3.62109273885843,2,1
2024-02-07,24400.0,24400.0,0.18,24355.0,24415.0,-0.061437640794592685,28.416544476776078,120.9049,4.09,5.33,3.62109273885843,2,2
2024-02-08,24400.0,24400.0,0.0,24400.0,24400.0,0.0,28.416544476776078,121.0798,4.15,5.33,3.62109273885843,2,3
2024-02-09,24400.0,24400.0,0.0,24400.0,24335.0,0.2671049928087088,21.213203435610403,121.039,4.17,5.33,3.62109273885843,2,4
2024-02-12,24400.0,24400.0,0.0,24400.0,24370.0,0.12310217480508978,20.12461179751284,120.9378,4.17,5.33,3.62109273885843,2,0
2024-02-13,24400.0,24400.0,0.0,24400.0,24355.0,0.1847669882981018,0.0,121.5202,4.31,5.33,3.62109273885843,2,1
2024-02-14,24400.0,24400.0,0.0,24400.0,24400.0,0.0,0.0,121.4002,4.27,5.33,3.62109273885843,2,2
2024-02-15,24450.0,24450.0,0.2,24400.0,24400.0,0.2049180327868827,22.360679775011157,121.2121,4.24,5.33,3.62109273885843,2,3
2024-02-16,24510.0,24510.0,0.25,24450.0,24400.0,0.45081967213114194,48.68264577855843,121.1505,4.3,5.33,3.62109273885843,2,4
2024-02-19,24530.0,24530.0,0.08,24510.0,24400.0,0.532786885245895,60.580524923448735,121.1505,4.3,5.33,3.62109273885843,2,0
2024-02-20,24525.0,24525.0,-0.02,24530.0,24400.0,0.5122950819672178,56.30275304104226,121.0199,4.27,5.33,3.62109273885843,2,1
2024-02-21,24525.0,24525.0,0.0,24525.0,24400.0,0.5122950819672178,33.27912258459638,121.0379,4.32,5.33,3.62109273885843,2,2
2024-02-22,24590.0,24590.0,0.27,24525.0,24450.0,0.572597137014319,31.104662030001112,121.102,4.33,5.33,3.62109273885843,2,3
2024-02-23,24630.0,24630.0,0.16,24590.0,24510.0,0.4895960832313362,47.827816174278674,121.0369,4.26,5.33,3.62109273885843,2,4
2024-02-26,24660.0,24660.0,0.12,24630.0,24530.0,0.529963310232362,60.97130472608072,121.0592,4.28,5.33,3.62109273885843,2,0
2024-02-27,24625.0,24625.0,-0.14,24660.0,24525.0,0.4077471967380175,51.64784603447266,120.9647,4.31,5.33,3.62109273885843,2,1
2024-02-28,24620.0,24620.0,-0.02,24625.0,24525.0,0.3873598369011244,25.00000000001186,121.128,4.27,5.33,3.62109273885843,2,2
2024-02-29,24640.0,24640.0,0.08,24620.0,24590.0,0.20333468889792705,15.81138830086065,121.1824,4.25,5.33,3.62109273885843,2,3
2024-03-01,24640.0,24640.0,0.0,24640.0,24630.0,0.04060089321964444,15.65247584251747,121.0111,4.19,5.33,3.62109273885843,3,4
2024-03-04,24676.0,24676.0,0.15,24640.0,24660.0,0.06488240064881357,21.913466179511282,120.872,4.22,5.33,3.62109273885843,3,0
2024-03-05,24690.0,24690.0,0.06,24676.0,24625.0,0.2639593908629445,28.830539363677765,120.8846,4.13,5.33,3.62109273885843,3,1
2024-03-06,24665.0,24665.0,-0.1,24690.0,24620.0,0.18277822908203678,22.117866081531574,120.4649,4.11,5.33,3.62109273885843,3,2
2024-03-07,24680.0,24680.0,0.06,24665.0,24640.0,0.16233766233766378,19.110206696960596,120.1909,4.09,5.33,3.62109273885843,3,3
2024-03-08,24640.0,24640.0,-0.16,24680.0,24640.0,0.0,19.110206696960596,119.975,4.09,5.33,3.62109273885843,3,4
2024-03-11,24635.0,24635.0,-0.02,24640.0,24676.0,-0.16615334738206977,24.13503677230592,120.0394,4.1,5.33,3.62109273885843,3,0
2024-03-12,24645.0,24645.0,0.04,24635.0,24690.0,-0.18226002430133947,18.907670401203816,120.1668,4.16,5.33,3.62109273885843,3,1
2024-03-13,24675.0,24675.0,0.12,24645.0,24665.0,0.04054327995135498,20.916500663365248,119.9642,4.19,5.33,3.62109273885843,3,2
2024-03-14,24690.0,24690.0,0.06,24675.0,24680.0,0.04051863857374993,24.13503677230592,120.241,4.29,5.33,3.62109273885843,3,3
2024-03-15,24710.0,24710.0,0.08,24690.0,24640.0,0.28409090909091717,31.104662030000565,120.4003,4.31,5.33,3.62109273885843,3,4
2024-03-18,24715.0,24715.0,0.02,24710.0,24635.0,0.32474122183885346,28.416544476775478,120.5752,4.34,5.33,3.62109273885843,3,0
2024-03-19,24740.0,24740.0,0.1,24715.0,24645.0,0.385473726922303,24.8495472795896,120.9332,4.3,5.33,3.62109273885843,3,1
2024-03-20,24775.0,24775.0,0.14,24740.0,24675.0,0.4052684903748771,32.67261850541764,120.9289,4.27,5.33,3.62109273885843,3,2
2024-03-21,24785.0,24785.0,0.04,24775.0,24690.0,0.3847711624139327,34.09545424247283,120.8086,4.27,5.33,3.62109273885843,3,3
2024-03-22,24768.0,24768.0,-0.07,24785.0,24710.0,0.2347227842978583,28.640879874762298,121.1842,4.22,5.33,3.62109273885843,3,4
2024-03-25,24740.0,24740.0,-0.11,24768.0,24715.0,0.1011531458628312,20.622802913294137,121.0295,4.25,5.33,3.62109273885843,3,0
2024-03-26,24770.0,24770.0,0.12,24740.0,24740.0,0.12126111560226693,16.77200047700286,121.0742,4.24,5.33,3.62109273885843,3,1
2024-03-27,24785.0,24785.0,0.06,24770.0,24775.0,0.04036326942482571,18.392933425655293,121.0089,4.2,5.33,3.62109273885843,3,2
2024-03-28,24790.0,24790.0,0.02,24785.0,24785.0,0.02017349203147223,19.539703170739045,121.0635,4.2,5.33,3.62109273885843,3,3
2024-03-29,24810.0,24810.0,0.08,24790.0,24768.0,0.16957364341085857,26.076809620821923,121.0191,4.2,5.33,3.62109273885843,3,4
2024-04-01,24795.0,24795.0,-0.06,24810.0,24740.0,0.2223120452708116,14.577379737133512,121.5151,4.33,5.33,3.62109273885843,4,0
2024-04-02,24900.0,24900.0,0.42,24795.0,24770.0,0.5248284214775856,47.88005847950262,121.3035,4.36,5.33,3.62109273885843,4,1
2024-04-03,25000.0,25000.0,0.4,24900.0,24785.0,0.8674601573532392,90.58145505566021,121.0198,4.36,5.33,3.62109273885843,4,2
2024-04-04,24935.0,24935.0,-0.26,25000.0,24790.0,0.584913271480425,86.06683449506315,120.7613,4.31,5.33,3.62109273885843,4,3
2024-04-05,24950.0,24950.0,0.06,24935.0,24810.0,0.5642885933091479,76.59960835409403,120.9646,4.39,5.33,3.62109273885843,4,4
2024-04-08,24960.0,24960.0,0.04,24950.0,24795.0,0.6654567453115545,36.46916505762904,120.7359,4.42,5.33,3.62109273885843,4,0
2024-04-09,24945.0,24945.0,-0.06,24960.0,24900.0,0.18072289156625398,25.149552679930338,120.7048,4.36,5.33,3.62109273885843,4,1
2024-04-10,24935.0,24935.0,-0.04,24945.0,25000.0,-0.26000000000000467,10.60660171782608,121.5727,4.55,5.33,3.62109273885843,4,2
2024-04-11,24980.0,24980.0,0.18,24935.0,24935.0,0.18046921997192378,17.102631376504352,121.6081,4.56,5.33,3.62109273885843,4,3
2024-04-12,25015.0,25015.0,0.14,24980.0,24950.0,0.2605210420841608,31.74114049621707,122.2885,4.5,5.33,3.62109273885843,4,4
2024-04-15,25180.0,25180.0,0.66,25015.0,24960.0,0.8814102564102644,99.58664569107944,122.425,4.63,5.33,3.62109273885843,4,0
2024-04-16,25280.0,25280.0,0.4,25180.0,24945.0,1.3429544998997844,145.9708875084364,123.1234,4.67,5.33,3.62109273885843,4,1
2024-04-17,25400.0,25400.0,0.47,25280.0,24935.0,1.8648486063765901,176.93219040073117,123.0207,4.59,5.33,3.62109273885843,4,2
2024-04-18,25400.0,25400.0,0.0,25400.0,24980.0,1.6813450760608584,162.71140095273162,123.0017,4.64,5.33,3.62109273885843,4,3
2024-04-19,25440.0,25440.0,0.16,25400.0,25015.0,1.6989806116330275,107.70329614269282,123.1075,4.62,5.33,3.62109273885843,4,4
2024-04-22,25455.0,25455.0,0.06,25440.0,25180.0,1.0921366163621826,68.7386354243419,123.0609,4.62,5.33,3.62109273885843,4,0
2024-04-23,25440.0,25440.0,-0.06,25455.0,25280.0,0.6329113924050667,25.396850198412192,122.7227,4.61,5.33,3.62109273885843,4,1
2024-04-24,25405.0,25405.0,-0.14,25440.0,25400.0,0.019685039370087587,24.13503677230655,122.89,4.65,5.33,3.62109273885843,4,2
2024-04-25,25350.0,25350.0,-0.22,25405.0,25400.0,-0.19685039370078705,42.21966366517608,122.8384,4.7,5.33,3.62109273885843,4,3
2024-04-26,25330.0,25330.0,-0.08,25350.0,25440.0,-0.432389937106914,54.70374758643679,122.9471,4.67,5.33,3.62109273885843,4,4
2024-04-29,25330.0,25330.0,0.0,25330.0,25455.0,-0.4910626595953649,49.29503017547093,122.5449,4.63,5.33,3.62109273885843,4,0
2024-04-30,25330.0,25330.0,0.0,25330.0,25440.0,-0.432389937106914,32.4807635378325,122.9853,4.69,5.33,3.62109273885843,4,1
2024-05-01,25330.0,25330.0,0.0,25330.0,25405.0,-0.29521747687463185,8.944271910032105,123.0168,4.63,5.33,3.62109273885843,5,2
2024-05-02,25390.0,25390.0,0.24,25330.0,25350.0,0.15779092702170594,26.83281573000846,122.4384,4.58,5.33,3.62109273885843,5,3
2024-05-03,25400.0,25400.0,0.04,25390.0,25330.0,0.2763521515988909,35.77708764000487,122.1375,4.5,5.33,3.62109273885843,5,4
2024-05-06,25370.0,25370.0,-0.12,25400.0,25330.0,0.15791551519936942,32.86335345031893,121.8913,4.49,5.33,3.62109273885843,5,0
2024-05-07,25400.0,25400.0,0.12,25370.0,25330.0,0.2763521515988909,29.495762407515244,122.093,4.47,5.33,3.62109273885843,5,1
2024-05-08,25425.0,25425.0,0.1,25400.0,25330.0,0.3750493485985107,19.874606914366616,122.1926,4.48,5.33,3.62109273885843,5,2
2024-05-09,25440.0,25440.0,0.06,25425.0,25390.0,0.1969279243796862,26.83281573000846,122.1634,4.45,5.33,3.62109273885843,5,3
2024-05-10,25450.0,25450.0,0.04,25440.0,25400.0,0.19685039370078705,32.326459750498344,122.014,4.5,5.33,3.62109273885843,5,4
2024-05-13,25453.0,25453.0,0.01,25450.0,25370.0,0.3271580607016267,21.73246419531384,122.0261,4.48,5.33,3.62109273885843,5,0
2024-05-14,25450.0,25450.0,-0.01,25453.0,25400.0,0.19685039370078705,11.502173707635281,121.9256,4.45,5.33,3.62109273885843,5,1
2024-05-15,25445.0,25445.0,-0.02,25450.0,25425.0,0.07866273352998832,5.1283525620440376,121.3543,4.36,5.33,3.62109273885843,5,2
2024-05-16,25431.0,25431.0,-0.06,25445.0,25440.0,-0.03537735849056256,8.757853618360135,121.2236,4.38,5.33,3.62109273885843,5,3
2024-05-17,25448.0,25448.0,0.07,25431.0,25450.0,-0.007858546168959535,8.561541917237898,121.2354,4.42,5.33,3.62109273885843,5,4
2024-05-20,25452.0,25452.0,0.02,25448.0,25453.0,-0.003928809963460456,8.348652585934062,121.2289,4.44,5.33,3.62109273885843,5,0
2024-05-21,25461.0,25461.0,0.04,25452.0,25450.0,0.04322200392927744,10.968135666585201,121.3793,4.41,5.33,3.62109273885843,5,1
2024-05-22,25464.0,25464.0,0.01,25461.0,25445.0,0.07467085871486479,13.026895255609235,121.5462,4.43,5.33,3.62109273885843,5,2
2024-05-23,25469.0,25469.0,0.02,25464.0,25431.0,0.14942393142227672,8.642916174568173,121.7477,4.47,5.33,3.62109273885843,5,3
2024-05-24,25465.0,25465.0,-0.02,25469.0,25448.0,0.06680289217226854,6.3796551631427505,121.6172,4.46,5.33,3.62109273885843,5,4
2024-05-27,25445.0,25445.0,-0.08,25465.0,25452.0,-0.02750275027503246,9.284395510780874,121.6172,4.46,5.33,3.62109273885843,5,0
2024-05-28,25448.0,25448.0,0.01,25445.0,25461.0,-0.0510584815993087,10.894952959999888,121.43,4.54,5.33,3.62109273885843,5,1
2024-05-29,25450.0,25450.0,0.01,25448.0,25464.0,-0.05497957901351436,10.830512453278196,122.1641,4.61,5.33,3.62109273885843,5,2
2024-05-30,25450.0,25450.0,0.0,25450.0,25469.0,-0.07460049471906816,7.765307463366763,121.9601,4.55,5.33,3.62109273885843,5,3
2024-05-31,25440.0,25440.0,-0.04,25450.0,25465.0,-0.09817396426468061,4.219004622018143,122.098,4.51,5.33,3.62109273885843,5,4
2024-06-03,25432.0,25432.0,-0.03,25440.0,25445.0,-0.05109058754175777,7.874007874050621,122.3509,4.41,5.33,3.62109273885843,6,0
2024-06-04,25410.0,25410.0,-0.09,25432.0,25448.0,-0.14932411191449502,16.577092628100477,122.7256,4.33,5.33,3.62109273885843,6,1
2024-06-05,25415.0,25415.0,0.02,25410.0,25450.0,-0.13752455795678076,16.786899654213578,122.5339,4.29,5.33,3.62109273885843,6,2
2024-06-06,25420.0,25420.0,0.02,25415.0,25450.0,-0.11787819253438192,12.361229712316119,122.3713,4.28,5.33,3.62109273885843,6,3
2024-06-07,25400.0,25400.0,-0.08,25420.0,25440.0,-0.15723270440252124,11.86591757938093,123.549,4.43,5.33,3.62109273885843,6,4
2024-06-10,25415.0,25415.0,0.06,25400.0,25432.0,-0.06684491978609097,7.5828754440956585,123.9125,4.47,5.33,3.62109273885843,6,0
2024-06-11,25435.0,25435.0,0.08,25415.0,25410.0,0.09838646202282586,12.549900398037785,124.0349,4.39,5.33,3.62109273885843,6,1
2024-06-12,25435.0,25435.0,0.0,25435.0,25415.0,0.07869368483179873,14.747881203775306,123.8295,4.31,5.33,3.62109273885843,6,2
2024-06-13,25435.0,25435.0,0.0,25435.0,25420.0,0.0590086546026658,15.968719422692256,124.0235,4.24,5.33,3.62109273885843,6,3
2024-06-14,25450.0,25450.0,0.06,25435.0,25400.0,0.19685039370078705,12.449899598015598,124.1694,4.2,5.33,3.62109273885843,6,4
2024-06-17,25450.0,25450.0,0.0,25450.0,25415.0,0.13771394845563112,8.215838362618202,124.239,4.28,5.33,3.62109273885843,6,0
2024-06-18,25445.0,25445.0,-0.02,25450.0,25435.0,0.03931590328287715,7.5828754440956585,123.9776,4.22,5.33,3.62109273885843,6,1
2024-06-19,25450.0,25450.0,0.02,25445.0,25435.0,0.05897385492432683,6.519202405253954,123.9776,4.22,5.33,3.62109273885843,6,2
2024-06-20,25450.0,25450.0,0.0,25450.0,25435.0,0.05897385492432683,2.236067977649368,124.192,4.25,5.33,3.62109273885843,6,3
2024-06-21,25450.0,25450.0,0.0,25450.0,25450.0,0.0,2.236067977649368,124.1086,4.25,5.33,3.62109273885843,6,4
2024-06-24,25455.0,25455.0,0.02,25450.0,25450.0,0.019646365422398837,3.535533906027339,123.7125,4.25,5.33,3.62109273885843,6,0
2024-06-25,25455.0,25455.0,0.0,25455.0,25445.0,0.03930045195519316,2.7386127876479605,123.9417,4.23,5.33,3.62109273885843,6,1
2024-06-26,25465.0,25465.0,0.04,25455.0,25450.0,0.05893909626719651,6.123724357012564,124.26,4.32,5.33,3.62109273885843,6,2
2024-06-27,25455.0,25455.0,-0.04,25465.0,25450.0,0.019646365422398837,5.477225575112726,124.3379,4.29,5.33,3.62109273885843,6,3
2024-06-28,25445.0,25445.0,-0.04,25455.0,25450.0,-0.019646365422398837,7.071067811912776,124.2103,4.36,5.33,3.62109273885843,6,4
2024-07-01,25450.0,25450.0,0.02,25445.0,25455.0,-0.019642506383810154,7.416198487140762,124.4667,4.48,5.33,3.62109273885843,7,0
2024-07-02,25450.0,25450.0,0.0,25450.0,25455.0,-0.019642506383810154,7.5828754440956585,124.2917,4.43,5.33,3.62109273885843,7,1
2024-07-03,25450.0,25450.0,0.0,25450.0,25465.0,-0.05890437855881059,3.535533906027339,123.7768,4.36,5.33,3.62109273885843,7,2
2024-07-04,25450.0,25450.0,0.0,25450.0,25455.0,-0.019642506383810154,2.236067977649368,123.7768,4.36,5.33,3.62109273885843,7,3
2024-07-05,25412.0,25412.0,-0.15,25450.0,25445.0,-0.1296914914521552,16.99411662901849,123.4762,4.28,5.33,3.62109273885843,7,4
2024-07-08,25415.0,25415.0,0.01,25412.0,25450.0,-0.13752455795678076,20.019990010004886,123.3576,4.28,5.33,3.62109273885843,7,0
2024-07-09,25413.0,25413.0,-0.01,25415.0,25450.0,-0.1453831041257403,20.112185361136223,123.4071,4.3,5.33,3.62109273885843,7,1
2024-07-10,25415.0,25415.0,0.01,25413.0,25450.0,-0.13752455795678076,16.26345596731218,123.1895,4.28,5.33,3.62109273885843,7,2
2024-07-11,25423.0,25423.0,0.03,25415.0,25450.0,-0.10609037328094262,4.335896677817115,122.769,4.2,5.33,3.62109273885843,7,3
2024-07-12,25410.0,25410.0,-0.05,25423.0,25412.0,-0.007870297497247769,4.816637831590446,122.4404,4.18,5.33,3.62109273885843,7,4
2024-07-15,25360.0,25360.0,-0.2,25410.0,25415.0,-0.21640763328742985,25.1733986581216,122.6347,4.23,5.33,3.62109273885843,7,0
2024-07-16,25375.0,25375.0,0.06,25360.0,25413.0,-0.1495297682288621,27.48272184483754,122.7264,4.17,5.33,3.62109273885843,7,1
2024-07-17,25315.0,25315.0,-0.24,25375.0,25415.0,-0.39346842415896033,42.8404014920574,122.518,4.16,5.33,3.62109273885843,7,2
2024-07-18,25310.0,25310.0,-0.02,25315.0,25423.0,-0.4444794084097037,42.04164601916358,122.7909,4.2,5.33,3.62109273885843,7,3
2024-07-19,25315.0,25315.0,0.02,25310.0,25410.0,-0.3738685556867405,30.207614933997238,123.147,4.25,5.33,3.62109273885843,7,4
2024-07-22,25325.0,25325.0,0.04,25315.0,25360.0,-0.13801261829653466,26.832815730009646,123.2172,4.26,5.33,3.62109273885843,7,0
2024-07-23,25355.0,25355.0,0.12,25325.0,25375.0,-0.07881773399014413,18.165902124602923,123.3843,4.25,5.33,3.62109273885843,7,1
2024-07-24,25350.0,25350.0,-0.02,25355.0,25315.0,0.13825794983211015,20.43281674171853,123.5575,4.28,5.33,3.62109273885843,7,2
2024-07-25,25285.0,25285.0,-0.26,25350.0,25310.0,-0.09877518767286153,28.372521918233723,123.5286,4.27,5.33,3.62109273885843,7,3
2024-07-26,25300.0,25300.0,0.06,25285.0,25315.0,-0.059253407070902764,30.536862969215633,123.672,4.2,5.33,3.62109273885843,7,4
2024-07-29,25275.0,25275.0,-0.1,25300.0,25325.0,-0.19743336623889718,37.18198488516519,124.1392,4.17,5.33,3.62109273885843,7,0
2024-07-30,25275.0,25275.0,0.0,25275.0,25355.0,-0.31551962137645884,31.344856037325375,124.2855,4.15,5.33,3.62109273885843,7,1
2024-07-31,25235.0,25235.0,-0.16,25275.0,25350.0,-0.4536489151873768,24.08318915759815,123.6373,4.09,5.33,3.62109273885843,7,2
2024-08-01,25215.0,25215.0,-0.08,25235.0,25285.0,-0.27684397864345955,34.27827300201474,123.8693,3.99,5.33,3.62109273885843,8,3
2024-08-02,25205.0,25205.0,-0.04,25215.0,25300.0,-0.3754940711462429,32.8633534503199,123.4681,3.8,5.33,3.62109273885843,8,4
2024-08-05,25080.0,25080.0,-0.5,25205.0,25275.0,-0.771513353115727,73.2802838422495,123.5787,3.78,5.33,3.62109273885843,8,0
2024-08-06,25130.0,25130.0,0.2,25080.0,25275.0,-0.5736894164193873,65.44081295339059,123.6532,3.9,5.33,3.62109273885843,8,1
2024-08-07,25155.0,25155.0,0.1,25130.0,25235.0,-0.31702001188824713,55.52026656997112,123.5698,3.96,5.33,3.62109273885843,8,2
2024-08-08,25135.0,25135.0,-0.08,25155.0,25215.0,-0.3172714653975839,45.194026153913896,123.4466,3.99,5.33,3.62109273885843,8,3
2024-08-09,25090.0,25090.0,-0.18,25135.0,25205.0,-0.4562586788335654,31.741140496218044,122.9276,3.94,5.33,3.62109273885843,8,4
2024-08-12,25120.0,25120.0,0.12,25090.0,25080.0,0.15948963317384823,23.8222584991569,123.2204,3.9,5.33,3.62109273885843,8,0
2024-08-13,25115.0,25115.0,-0.02,25120.0,25130.0,-0.05968961400716344,24.135036772307867,123.0146,3.85,5.33,3.62109273885843,8,1
2024-08-14,25020.0,25020.0,-0.38,25115.0,25155.0,-0.536672629695889,45.469770177565806,122.4297,3.83,5.33,3.62109273885843,8,2
2024-08-15,25035.0,25035.0,0.06,25020.0,25135.0,-0.3978516013526945,46.01630145938125,122.5844,3.92,5.33,3.62109273885843,8,3
2024-08-16,25050.0,25050.0,0.06,25035.0,25090.0,-0.15942606616181632,46.4488966499814,122.3972,3.89,5.33,3.62109273885843,8,4
2024-08-19,24960.0,24960.0,-0.36,25050.0,25120.0,-0.6369426751592355,55.83457710058036,121.8788,3.86,5.33,3.62109273885843,8,0
2024-08-20,24915.0,24915.0,-0.18,24960.0,25115.0,-0.7963368504877555,56.72301120357287,121.7728,3.82,5.33,3.62109273885843,8,1
2024-08-21,24930.0,24930.0,0.06,24915.0,25020.0,-0.3597122302158251,61.29845022511297,121.8535,3.79,5.33,3.62109273885843,8,2
2024-08-22,24960.0,24960.0,0.12,24930.0,25035.0,-0.29958058717795,52.392747589725175,122.3626,3.86,5.33,3.62109273885843,8,3
2024-08-23,24965.0,24965.0,0.02,24960.0,25050.0,-0.339321357285427,22.19234102118686,121.4597,3.81,5.33,3.62109273885843,8,4
2024-08-26,24860.0,24860.0,-0.42,24965.0,24960.0,-0.4006410256410242,42.33792626004081,121.6943,3.82,5.33,3.62109273885843,8,0
2024-08-27,24820.0,24820.0,-0.16,24860.0,24915.0,-0.3812964077864689,64.18722614352994,121.8672,3.83,5.33,3.62109273885843,8,1
2024-08-28,24855.0,24855.0,0.14,24820.0,24930.0,-0.30084235860409203,66.20045317065929,121.8943,3.84,5.33,3.62109273885843,8,2
2024-08-29,24870.0,24870.0,0.06,24855.0,24960.0,-0.36057692307692735,54.24481542046809,122.2333,3.87,5.33,3.62109273885843,8,3
2024-08-30,24860.0,24860.0,-0.04,24870.0,24965.0,-0.4205888243540956,19.23538406168832,122.3262,3.91,5.33,3.62109273885843,8,4
2024-09-02,24860.0,24860.0,0.0,24860.0,24860.0,0.0,19.23538406168832,122.3262,3.91,5.33,3.62109273885843,9,0
2024-09-03,24860.0,24860.0,0.0,24860.0,24820.0,0.16116035455278066,5.477225575111273,122.7811,3.84,5.33,3.62109273885843,9,1
2024-09-04,24852.0,24852.0,-0.03,24860.0,24855.0,-0.012070006035003189,6.38748776911994,122.5144,3.77,5.33,3.62109273885843,9,2
2024-09-05,24730.0,24730.0,-0.49,24852.0,24870.0,-0.5629272215520675,57.34806012412894,122.4533,3.73,5.33,3.62109273885843,9,3
2024-09-06,24600.0,24600.0,-0.53,24730.0,24860.0,-1.045856798069189,114.98173768038473,122.4991,3.72,5.33,3.62109273885843,9,4
2024-09-09,24680.0,24680.0,0.33,24600.0,24860.0,-0.7240547063555924,111.96785252920085,122.7156,3.7,5.33,3.62109273885843,9,0
2024-09-10,24660.0,24660.0,-0.08,24680.0,24860.0,-0.8045052292839916,94.7459761678613,123.0071,3.65,5.33,3.62109273885843,9,1
2024-09-11,24550.0,24550.0,-0.45,24660.0,24852.0,-1.2151939481731877,70.21395872617502,122.7754,3.65,5.33,3.62109273885843,9,2
2024-09-12,24575.0,24575.0,0.1,24550.0,24730.0,-0.6267691063485681,55.407580708789375,122.4423,3.68,5.33,3.62109273885843,9,3
2024-09-13,24530.0,24530.0,-0.18,24575.0,24600.0,-0.28455284552845184,67.11929677820685,121.6551,3.66,5.33,3.62109273885843,9,4
2024-09-16,24530.0,24530.0,0.0,24530.0,24680.0,-0.6077795786061602,54.12947441090675,121.4976,3.63,5.33,3.62109273885843,9,0
2024-09-17,24620.0,24620.0,0.37,24530.0,24660.0,-0.16220600162205612,37.81534080239141,121.6031,3.65,5.33,3.62109273885843,9,1
2024-09-18,24600.0,24600.0,-0.08,24620.0,24550.0,0.20366598778003286,40.68169121362838,121.5618,3.7,5.33,3.62109273885843,9,2
2024-09-19,24565.0,24565.0,-0.14,24600.0,24575.0,-0.04069175991862073,40.68169121362838,121.3059,3.73,5.33,3.62109273885843,9,3
2024-09-20,24590.0,24590.0,0.1,24565.0,24530.0,0.24459845087647647,34.71310991543409,121.4052,3.73,5.33,3.62109273885843,9,4
2024-09-23,24615.0,24615.0,0.1,24590.0,24530.0,0.3465144720750102,21.965882636511754,121.4303,3.75,5.33,3.62109273885843,9,0
2024-09-24,24590.0,24590.0,-0.1,24615.0,24620.0,-0.12185215272136896,18.234582528838125,121.1291,3.74,5.33,3.62109273885843,9,1
2024-09-25,24580.0,24580.0,-0.04,24590.0,24600.0,-0.08130081300813385,18.234582528838125,121.4447,3.79,5.33,3.62109273885843,9,2
2024-09-26,24615.0,24615.0,0.14,24580.0,24565.0,0.20354162426217126,16.04680653591264,121.0785,3.79,5.33,3.62109273885843,9,3
2024-09-27,24590.0,24590.0,-0.1,24615.0,24590.0,0.0,16.04680653591264,121.1111,3.75,5.33,3.62109273885843,9,4
2024-09-30,24555.0,24555.0,-0.14,24590.0,24615.0,-0.24375380865325758,21.621748310462976,121.2864,3.81,5.33,3.62109273885843,9,0
2024-10-01,24595.0,24595.0,0.16,24555.0,24590.0,0.020333468889788264,21.965882636511754,121.6881,3.74,4.83,3.62109273885843,10,1
2024-10-02,24652.0,24652.0,0.23,24595.0,24580.0,0.2929210740439281,35.59915729341055,121.5724,3.79,4.83,3.62109273885843,10,2
2024-10-03,24745.0,24745.0,0.38,24652.0,24615.0,0.5281332520820747,74.37271004878697,122.1197,3.85,4.83,3.62109273885843,10,3
2024-10-04,24755.0,24755.0,0.04,24745.0,24590.0,0.671004473363146,88.83017505330538,122.2197,3.98,4.83,3.62109273885843,10,4
2024-10-07,24840.0,24840.0,0.34,24755.0,24555.0,1.1606597434331123,95.47931713204056,122.4241,4.03,4.83,3.62109273885843,10,0
2024-10-08,24835.0,24835.0,-0.02,24840.0,24595.0,0.9758080910754252,77.12522285219464,122.6625,4.04,4.83,3.62109273885843,10,1
2024-10-09,24830.0,24830.0,-0.02,24835.0,24652.0,0.7220509492130489,46.824139073779406,122.8821,4.06,4.83,3.62109273885843,10,2
2024-10-10,24830.0,24830.0,0.0,24830.0,24745.0,0.3435037381289252,35.46124645300325,123.0951,4.09,4.83,3.62109273885843,10,3
2024-10-11,24805.0,24805.0,-0.1,24830.0,24755.0,0.20197939810140397,13.50925608612981,122.9805,4.08,4.83,3.62109273885843,10,4
2024-10-14,24840.0,24840.0,0.14,24805.0,24840.0,0.0,13.50925608612981,122.9805,4.08,4.83,3.62109273885843,10,0
2024-10-15,24925.0,24925.0,0.34,24840.0,24835.0,0.3623917857861869,46.016301459381054,123.5124,4.03,4.83,3.62109273885843,10,1
2024-10-16,24970.0,24970.0,0.18,24925.0,24830.0,0.5638340716874746,70.12488859171638,123.9235,4.02,4.83,3.62109273885843,10,2
2024-10-17,25180.0,25180.0,0.84,24970.0,24830.0,1.4095851792186975,147.36858552622616,124.1122,4.09,4.83,3.62109273885843,10,3
2024-10-18,25150.0,25150.0,-0.12,25180.0,24805.0,1.3908486192300007,146.7821515035143,123.9185,4.08,4.83,3.62109273885843,10,4
2024-10-21,25285.0,25285.0,0.54,25150.0,24840.0,1.791465378421897,150.52408445162732,124.4757,4.19,4.83,3.62109273885843,10,0
2024-10-22,25390.0,25390.0,0.42,25285.0,24925.0,1.8655967903711046,157.32132722552475,124.4107,4.2,4.83,3.62109273885843,10,1
2024-10-23,25400.0,25400.0,0.04,25390.0,24970.0,1.7220664797757301,115.56383517346866,124.6931,4.24,4.83,3.62109273885843,10,2
2024-10-24,25385.0,25385.0,-0.06,25400.0,25180.0,0.8141382049245527,106.80589871351036,124.5127,4.21,4.83,3.62109273885843,10,3
2024-10-25,25355.0,25355.0,-0.12,25385.0,25150.0,0.8151093439363821,46.71723450719909,124.6105,4.25,4.83,3.62109273885843,10,4
2024-10-28,25345.0,25345.0,-0.04,25355.0,25285.0,0.23729483883725422,23.71708245127619,124.8076,4.28,4.83,3.62109273885843,10,0
2024-10-29,25295.0,25295.0,-0.2,25345.0,25390.0,-0.374163056321386,40.681691213623765,124.8612,4.28,4.83,3.62109273885843,10,1
2024-10-30,25280.0,25280.0,-0.06,25295.0,25400.0,-0.47244094488189115,43.5315977193651,124.8153,4.29,4.83,3.62109273885843,10,2
2024-10-31,25270.0,25270.0,-0.04,25280.0,25385.0,-0.45302343903880216,38.63288754417191,124.7988,4.28,4.83,3.62109273885843,10,3
2024-11-01,25280.0,25280.0,0.04,25270.0,25355.0,-0.29579964504042877,29.874738492589906,124.8076,4.37,4.64,3.62109273885843,11,4
2024-11-04,25310.0,25310.0,0.12,25280.0,25345.0,-0.13809429867823741,15.652475842518749,124.5903,4.31,4.64,3.62109273885843,11,0
2024-11-05,25330.0,25330.0,0.08,25310.0,25295.0,0.13836726625815476,25.099800796034877,124.5532,4.26,4.64,3.62109273885843,11,1
2024-11-06,25370.0,25370.0,0.16,25330.0,25280.0,0.35601265822784445,40.249223595004075,125.7035,4.42,4.64,3.62109273885843,11,2
2024-11-07,25350.0,25350.0,-0.08,25370.0,25270.0,0.3165809259991992,34.928498393155024,124.775,4.31,4.64,3.62109273885843,11,3
2024-11-08,25260.0,25260.0,-0.36,25350.0,25280.0,-0.07911392405063333,42.19004621946547,125.5811,4.3,4.64,3.62109273885843,11,4
2024-11-11,25310.0,25310.0,0.2,25260.0,25310.0,0.0,42.19004621946547,125.5811,4.3,4.64,3.62109273885843,11,0
2024-11-12,25340.0,25340.0,0.12,25310.0,25330.0,0.039478878799847905,42.77849927242227,126.7762,4.43,4.64,3.62109273885843,11,1
2024-11-13,25330.0,25330.0,-0.04,25340.0,25370.0,-0.15766653527788943,35.637059362419805,126.9572,4.44,4.64,3.62109273885843,11,2
2024-11-14,25390.0,25390.0,0.24,25330.0,25350.0,0.15779092702170594,47.222875812477085,127.0015,4.43,4.64,3.62109273885843,11,3
2024-11-15,25380.0,25380.0,-0.04,25390.0,25260.0,0.47505938242280443,33.91164991563567,126.8848,4.43,4.64,3.62109273885843,11,4
2024-11-18,25405.0,25405.0,0.1,25380.0,25310.0,0.3753457131568494,32.48076353783318,126.6045,4.42,4.64,3.62109273885843,11,0
2024-11-19,25395.0,25395.0,-0.04,25405.0,25340.0,0.21704814522494065,29.368350311187605,126.3994,4.39,4.64,3.62109273885843,11,1
2024-11-20,25415.0,25415.0,0.08,25395.0,25330.0,0.3355704697986628,13.509256086129724,126.88,4.41,4.64,3.62109273885843,11,2
2024-11-21,25415.0,25415.0,0.0,25415.0,25390.0,0.0984639621898431,14.832396974212665,127.1047,4.43,4.64,3.62109273885843,11,3
2024-11-22,25417.0,25417.0,0.01,25415.0,25380.0,0.14578408195429216,9.316651759115478,127.4712,4.41,4.64,3.62109273885843,11,4
2024-11-25,25410.0,25410.0,-0.03,25417.0,25405.0,0.01968116512498508,8.98888202173261,126.9948,4.27,4.64,3.62109273885843,11,0
2024-11-26,25405.0,25405.0,-0.02,25410.0,25395.0,0.03937783028156172,4.87852436712415,127.4301,4.3,4.64,3.62109273885843,11,1
2024-11-27,25375.0,25375.0,-0.12,25405.0,25415.0,-0.15738736966358635,17.082154430886014,126.8205,4.25,4.64,3.62109273885843,11,2
2024-11-28,25358.0,25358.0,-0.07,25375.0,25415.0,-0.22427700177061194,25.288337232816307,126.8205,4.25,4.64,3.62109273885843,11,3
2024-11-29,25344.0,25344.0,-0.06,25358.0,25417.0,-0.28720934807412446,28.797569341884728,126.5798,4.18,4.64,3.62109273885843,11,4
2024-12-02,25374.0,25374.0,0.12,25344.0,25410.0,-0.14167650531287102,22.796929617838295,127.1272,4.19,4.64,3.62109273885843,12,0
2024-12-03,25395.0,25395.0,0.08,25374.0,25405.0,-0.03936233024994795,19.25357109734905,126.9565,4.23,4.64,3.62109273885843,12,1
2024-12-04,25400.0,25400.0,0.02,25395.0,25375.0,0.09852216748769127,23.83694611313853,126.7574,4.19,4.64,3.62109273885843,12,2
2024-12-05,25380.0,25380.0,-0.08,25400.0,25358.0,0.08675763072798492,22.063544592849695,126.4286,4.17,4.64,3.62109273885843,12,3
2024-12-06,25375.0,25375.0,-0.02,25380.0,25344.0,0.12231691919191157,11.945710527242847,126.688,4.15,4.64,3.62109273885843,12,4
2024-12-09,25370.0,25370.0,-0.02,25375.0,25374.0,-0.015764168046028537,12.942179105571173,126.5981,4.2,4.64,3.62109273885843,12,0
2024-12-10,25360.0,25360.0,-0.04,25370.0,25395.0,-0.13782240598543272,14.832396974214351,126.957,4.22,4.64,3.62109273885843,12,1
2024-12-11,25380.0,25380.0,0.08,25360.0,25400.0,-0.07874015748031704,8.366600265381575,126.8483,4.26,4.64,3.62109273885843,12,2
2024-12-12,25394.0,25394.0,0.06,25380.0,25380.0,0.05516154452325228,12.577758146851416,126.9556,4.32,4.64,3.62109273885843,12,3
2024-12-13,25400.0,25400.0,0.02,25394.0,25375.0,0.09852216748769127,16.528762809136435,127.3096,4.4,4.64,3.62109273885843,12,4
2024-12-16,25385.0,25385.0,-0.06,25400.0,25370.0,0.05912495072921686,15.40129864656531,127.2687,4.39,4.64,3.62109273885843,12,0
2024-12-17,25430.0,25430.0,0.18,25385.0,25360.0,0.2760252365930693,19.601020381620625,127.5043,4.4,4.64,3.62109273885843,12,1
2024-12-18,25445.0,25445.0,0.06,25430.0,25380.0,0.2561071710007967,25.50882200339167,127.6418,4.5,4.64,3.62109273885843,12,2
2024-12-19,25450.0,25450.0,0.02,25445.0,25394.0,0.2205245333543271,28.416544476778363,128.6366,4.57,4.64,3.62109273885843,12,3
2024-12-20,25445.0,25445.0,-0.02,25450.0,25400.0,0.17716535433069946,26.78619047197124,127.893,4.52,4.64,3.62109273885843,12,4
2024-12-23,25440.0,25440.0,-0.02,25445.0,25385.0,0.21666338388812711,7.582875444099212,128.3021,4.59,4.64,3.62109273885843,12,0
2024-12-24,25425.0,25425.0,-0.06,25440.0,25430.0,-0.019661816751870287,9.61769203087325,128.3377,4.59,4.64,3.62109273885843,12,1
2024-12-25,25420.0,25420.0,-0.02,25425.0,25445.0,-0.098251129887994,12.94217910557271,128.3377,4.59,4.64,3.62109273885843,12,2
2024-12-26,25425.0,25425.0,0.02,25420.0,25450.0,-0.09823182711198308,10.83974169437274,128.3329,4.58,4.64,3.62109273885843,12,3
2024-12-27,25445.0,25445.0,0.08,25425.0,25445.0,0.0,10.83974169437274,128.45,4.62,4.64,3.62109273885843,12,4
2024-12-30,25476.0,25476.0,0.12,25445.0,25440.0,0.14150943396227245,23.209911675849053,128.8205,4.55,4.64,3.62109273885843,12,0
2024-12-31,25480.0,25480.0,0.02,25476.0,25425.0,0.21632251720746787,27.94100928743814,129.2775,4.58,4.64,3.62109273885843,12,1
2025-01-01,25480.0,25480.0,0.0,25480.0,25420.0,0.2360346184107076,24.993999279841017,129.2775,4.58,4.33,3.62109273885843,1,2
2025-01-02,25450.0,25450.0,-0.12,25480.0,25425.0,0.0983284169124854,17.239489551627937,129.4598,4.57,4.33,3.62109273885843,1,3
2025-01-03,25400.0,25400.0,-0.2,25450.0,25445.0,-0.17685203379839143,34.33948165014576,129.4535,4.6,4.33,3.62109273885843,1,4
2025-01-06,25370.0,25370.0,-0.12,25400.0,25476.0,-0.4160778772177687,49.295030175472064,128.538,4.62,4.33,3.62109273885843,1,0
2025-01-07,25360.0,25360.0,-0.04,25370.0,25480.0,-0.47095761381475976,51.672042731062035,128.613,4.67,4.33,3.62109273885843,1,1
2025-01-08,25370.0,25370.0,0.04,25360.0,25480.0,-0.43171114599686033,36.74234614175722,129.0785,4.67,4.33,3.62109273885843,1,2
2025-01-09,25375.0,25375.0,0.02,25370.0,25450.0,-0.29469548133594925,15.000000000023373,129.2827,4.68,4.33,3.62109273885843,1,3
2025-01-10,25360.0,25360.0,-0.06,25375.0,25400.0,-0.15748031496063408,6.708203932551635,129.8664,4.77,4.33,3.62109273885843,1,4
2025-01-13,25390.0,25390.0,0.12,25360.0,25370.0,0.07883326763893361,12.449899598016895,130.0413,4.79,4.33,3.62109273885843,1,0
2025-01-14,25380.0,25380.0,-0.04,25390.0,25360.0,0.07886435331230235,11.180339887530309,129.3812,4.78,4.33,3.62109273885843,1,1
2025-01-15,25375.0,25375.0,-0.02,25380.0,25370.0,0.019708316909738954,10.839741694371744,129.2092,4.66,4.33,3.62109273885843,1,2
2025-01-16,25370.0,25370.0,-0.02,25375.0,25375.0,-0.019704433497536034,11.180339887530309,129.436,4.61,4.33,3.62109273885843,1,3
2025-01-17,25315.0,25315.0,-0.22,25370.0,25360.0,-0.17744479495268584,29.453352950058186,129.4859,4.61,4.33,3.62109273885843,1,4
2025-01-20,25315.0,25315.0,0.0,25315.0,25390.0,-0.2953918865695182,33.052987762087426,129.4859,4.61,4.33,3.62109273885843,1,0
2025-01-21,25260.0,25260.0,-0.22,25315.0,25380.0,-0.47281323877068626,47.24933861971722,128.4151,4.57,4.33,3.62109273885843,1,1
2025-01-22,25050.0,25050.0,-0.83,25260.0,25375.0,-1.2807881773398977,124.72970776844105,128.3402,4.6,4.33,3.62109273885843,1,2
2025-01-23,25080.0,25080.0,0.12,25050.0,25370.0,-1.1430823807646817,129.2961716370624,128.2162,4.65,4.33,3.62109273885843,1,3
2025-01-24,25060.0,25060.0,-0.08,25080.0,25315.0,-1.0073079202054136,124.77980605851535,127.4611,4.63,4.33,3.62109273885843,1,4
2025-01-27,25060.0,25060.0,0.0,25060.0,25315.0,-1.0073079202054136,88.9943818451519,128.0912,4.53,4.33,3.62109273885843,1,0
2025-01-28,25060.0,25060.0,0.0,25060.0,25260.0,-0.7917656373713333,10.95445115013537,128.2817,4.55,4.33,3.62109273885843,1,1
2025-01-29,25060.0,25060.0,0.0,25060.0,25050.0,0.03992015968063978,8.94427191003841,128.3418,4.55,4.33,3.62109273885843,1,2
2025-01-30,25060.0,25060.0,0.0,25060.0,25080.0,-0.07974481658692412,0.0,128.1004,4.52,4.33,3.62109273885843,1,3
2025-01-31,25060.0,25060.0,0.0,25060.0,25060.0,0.0,0.0,128.4828,4.58,4.33,3.62109273885843,1,4
2025-02-03,25280.0,25280.0,0.88,25060.0,25060.0,0.8778930566640142,98.38699100999432,129.109,4.54,4.33,3.62109273885843,2,0
2025-02-04,25160.0,25160.0,-0.47,25280.0,25060.0,0.3990422984836428,97.36529155710829,128.1083,4.52,4.33,3.62109273885843,2,1
2025-02-05,25145.0,25145.0,-0.06,25160.0,25060.0,0.3391859537110964,90.58145505566083,127.9751,4.43,4.33,3.62109273885843,2,2
2025-02-06,25260.0,25260.0,0.46,25145.0,25060.0,0.7980845969672856,90.02777349241012,128.2017,4.45,4.33,3.62109273885843,2,3
2025-02-07,25290.0,25290.0,0.12,25260.0,25060.0,0.9177972865123785,69.06518659933312,128.4292,4.49,4.33,3.62109273885843,2,4
2025-02-10,25380.0,25380.0,0.36,25290.0,25280.0,0.39556962025315556,97.05668446841105,128.6382,4.51,4.33,3.62109273885843,2,0
2025-02-11,25530.0,25530.0,0.59,25380.0,25160.0,1.4705882352941124,143.89232085139466,128.4322,4.54,4.33,3.62109273885843,2,1
2025-02-12,25550.0,25550.0,0.08,25530.0,25145.0,1.6106581825412691,133.67871932361075,128.3288,4.62,4.33,3.62109273885843,2,2
2025-02-13,25440.0,25440.0,-0.43,25550.0,25260.0,0.7125890736342066,107.56393447620212,127.8931,4.52,4.33,3.62109273885843,2,3
2025-02-14,25370.0,25370.0,-0.28,25440.0,25290.0,0.3163305654408921,83.24662155307387,127.1491,4.47,4.33,3.62109273885843,2,4
2025-02-17,25470.0,25470.0,0.39,25370.0,25380.0,0.35460992907800915,72.24956747275863,127.1491,4.47,4.33,3.62109273885843,2,0
2025-02-18,25500.0,25500.0,0.12,25470.0,25530.0,-0.1175088131609825,67.30527468186058,127.2906,4.55,4.33,3.62109273885843,2,1
2025-02-19,25515.0,25515.0,0.06,25500.0,25550.0,-0.136986301369868,57.48912940722535,127.7317,4.53,4.33,3.62109273885843,2,2
2025-02-20,25500.0,25500.0,-0.06,25515.0,25440.0,0.2358490566037652,58.77924803874836,127.1126,4.5,4.33,3.62109273885843,2,3
2025-02-21,25510.0,25510.0,0.04,25500.0,25370.0,0.5518328734726019,17.464249196593084,127.1408,4.42,4.33,3.62109273885843,2,4
2025-02-24,25468.0,25468.0,-0.16,25510.0,25470.0,-0.007852375343542217,18.297540818391095,127.1921,4.4,4.33,3.62109273885843,2,0
2025-02-25,25520.0,25520.0,0.2,25468.0,25500.0,0.07843137254901489,20.70748656888845,127.3752,4.3,4.33,3.62109273885843,2,1
2025-02-26,25535.0,25535.0,0.06,25520.0,25515.0,0.07838526357044628,25.155516293662167,127.2822,4.25,4.33,3.62109273885843,2,2
2025-02-27,25520.0,25520.0,-0.06,25535.0,25500.0,0.07843137254901489,25.432262974432888,127.9704,4.29,4.33,3.62109273885843,2,3
2025-02-28,25530.0,25530.0,0.04,25520.0,25510.0,0.07840062720501084,26.847718711293094,128.2805,4.24,4.33,3.62109273885843,2,4
2025-03-03,25575.0,25575.0,0.18,25530.0,25468.0,0.4201350714622354,22.748626332170883,127.75,4.16,4.33,3.62109273885843,3,0
2025-03-04,25540.0,25540.0,-0.14,25575.0,25520.0,0.07836990595611049,20.916500663369543,127.9966,4.22,4.33,3.62109273885843,3,1
2025-03-05,25490.0,25490.0,-0.2,25540.0,25535.0,-0.17622870569805604,30.903074280736835,126.504,4.28,4.33,3.62109273885843,3,2
2025-03-06,25485.0,25485.0,-0.02,25490.0,25520.0,-0.13714733542319335,37.31621631410047,126.1099,4.29,4.33,3.62109273885843,3,3
2025-03-07,25480.0,25480.0,-0.02,25485.0,25530.0,-0.19584802193497453,41.74326292949245,125.9814,4.32,4.33,3.62109273885843,3,4
2025-03-10,25525.0,25525.0,0.18,25480.0,25575.0,-0.19550342130987275,26.786190471971533,126.268,4.22,4.33,3.62109273885843,3,0
2025-03-11,25450.0,25450.0,-0.29,25525.0,25540.0,-0.35238841033672363,26.786190471971533,126.0457,4.28,4.33,3.62109273885843,3,1
2025-03-12,25445.0,25445.0,-0.02,25450.0,25490.0,-0.17653981953706932,32.132538026130746,125.8664,4.32,4.33,3.62109273885843,3,2
2025-03-13,25490.0,25490.0,0.18,25445.0,25485.0,0.01961938395134144,32.51922508302955,126.0031,4.27,4.33,3.62109273885843,3,3
2025-03-14,25500.0,25500.0,0.04,25490.0,25480.0,0.07849293563579884,34.022051672418854,125.6942,4.31,4.33,3.62109273885843,3,4
2025-03-17,25510.0,25510.0,0.04,25500.0,25525.0,-0.058765915768854704,29.6647939483951,125.3688,4.31,4.33,3.62109273885843,3,0
2025-03-18,25510.0,25510.0,0.0,25510.0,25450.0,0.23575638506876384,27.01851217222626,125.488,4.29,4.33,3.62109273885843,3,1
2025-03-19,25535.0,25535.0,0.1,25510.0,25445.0,0.35370406759678286,16.733200530703577,125.8006,4.25,4.33,3.62109273885843,3,2
2025-03-20,25545.0,25545.0,0.04,25535.0,25490.0,0.21577089054531928,19.039432764679166,125.985,4.24,4.33,3.62109273885843,3,3
2025-03-21,25585.0,25585.0,0.16,25545.0,25500.0,0.33333333333334103,30.943496893543536,126.2679,4.25,4.33,3.62109273885843,3,4
2025-03-24,25620.0,25620.0,0.14,25585.0,25510.0,0.43120344962759294,43.5028734683209,126.1956,4.34,4.33,3.62109273885843,3,0
2025-03-25,25600.0,25600.0,-0.08,25620.0,25510.0,0.3528028224225821,36.1593694635393,126.0535,4.31,4.33,3.62109273885843,3,1
2025-03-26,25555.0,25555.0,-0.18,25600.0,25535.0,0.07832386919914835,31.104662030003453,126.2364,4.35,4.33,3.62109273885843,3,2
2025-03-27,25560.0,25560.0,0.02,25555.0,25545.0,0.05871990604815469,27.248853186890976,126.3626,4.38,4.33,3.62109273885843,3,3
2025-03-28,25550.0,25550.0,-0.04,25560.0,25585.0,-0.1367989056087593,31.14482300480673,126.4187,4.27,4.33,3.62109273885843,3,4
2025-03-31,25565.0,25565.0,0.06,25550.0,25620.0,-0.21467603434816018,19.81161275617759,126.7075,4.23,4.33,3.62109273885843,3,0
2025-04-01,25620.0,25620.0,0.22,25565.0,25600.0,0.07812499999999556,28.504385627491402,126.4338,4.17,4.33,3.62109273885843,4,1
2025-04-02,25600.0,25600.0,-0.08,25620.0,25555.0,0.17609078458227234,29.6647939483951,126.3811,4.2,4.33,3.62109273885843,4,2
2025-04-03,25790.0,25790.0,0.74,25600.0,25560.0,0.8998435054773157,96.30680142129495,124.7316,4.06,4.33,3.62109273885843,4,3
2025-04-04,25780.0,25780.0,-0.04,25790.0,25550.0,0.9001956947162437,105.97169433391512,125.8129,4.01,4.33,3.62109273885843,4,4
2025-04-07,25780.0,25780.0,0.0,25780.0,25565.0,0.8409935458634887,95.28903399657663,126.8282,4.15,4.33,3.62109273885843,4,0
2025-04-08,25995.0,25995.0,0.83,25780.0,25620.0,1.4637002341920446,139.92855319769706,126.8668,4.26,4.33,3.62109273885843,4,1
2025-04-09,25960.0,25960.0,-0.13,25995.0,25600.0,1.4062500000000089,107.14476188783443,126.628,4.34,4.33,3.62109273885843,4,2
2025-04-10,25740.0,25740.0,-0.85,25960.0,25790.0,-0.19387359441643826,117.28171212938844,125.089,4.4,4.33,3.62109273885843,4,3
2025-04-11,25715.0,25715.0,-0.1,25740.0,25780.0,-0.2521334367726946,130.02884295417206,124.0163,4.48,4.33,3.62109273885843,4,4
2025-04-14,25824.0,25824.0,0.42,25715.0,25780.0,0.17067494181535192,126.56500306167078,123.6598,4.38,4.33,3.62109273885843,4,0
2025-04-15,25790.0,25790.0,-0.13,25824.0,25995.0,-0.7886131948451669,96.0895415745163,123.776,4.35,4.33,3.62109273885843,4,1
2025-04-16,25830.0,25830.0,0.16,25790.0,25960.0,-0.500770416024654,50.89400750580243,123.2724,4.29,4.33,3.62109273885843,4,2
2025-04-17,25837.0,25837.0,0.03,25830.0,25740.0,0.37684537684536945,50.41527546290583,123.1298,4.34,4.33,3.62109273885843,4,3
2025-04-18,25925.0,25925.0,0.34,25837.0,25715.0,0.8166439821116089,50.20657327482763,122.9865,4.34,4.33,3.62109273885843,4,4
2025-04-21,25871.0,25871.0,-0.21,25925.0,25824.0,0.18200123915737,50.579640172708245,122.3145,4.42,4.33,3.62109273885843,4,0
2025-04-22,25965.0,25965.0,0.36,25871.0,25790.0,0.6785575804575394,58.144647217097344,122.4175,4.41,4.33,3.62109273885843,4,1
2025-04-23,25995.0,25995.0,0.12,25965.0,25830.0,0.6387921022067422,65.10606730559576,123.0252,4.4,4.33,3.62109273885843,4,2
2025-04-24,26029.0,26029.0,0.13,25995.0,25837.0,0.7431203313078116,61.465437442523765,122.9251,4.32,4.33,3.62109273885843,4,3
2025-04-25,26021.5,26021.5,-0.03,26029.0,25925.0,0.3722275795564167,64.00351552845213,122.8858,4.29,4.33,3.62109273885843,4,4
2025-04-28,26000.0,26000.0,-0.1,26021.5,25871.0,0.4986278071972494,25.155516293664792,122.7176,4.23,4.33,3.62109273885843,4,0
2025-04-29,26005.0,26005.0,0.02,26000.0,25965.0,0.15405353360293805,14.51895313033448,122.5944,4.19,4.33,3.62109273885843,4,1
2025-04-30,26005.0,26005.0,0.0,26005.0,25995.0,0.038468936333901915,12.46194206377373,122.5921,4.17,4.33,3.62109273885843,4,2
2025-05-01,26005.0,26005.0,0.0,26005.0,26029.0,-0.09220484843828203,8.228000972341025,123.1405,4.25,4.33,3.62109273885843,5,3
2025-05-02,26005.0,26005.0,0.0,26005.0,26021.5,-0.0634091040101481,2.2360679776879824,122.4962,4.33,4.33,3.62109273885843,5,4
2025-05-05,25957.5,25957.5,-0.18,26005.0,26000.0,-0.1634615384615401,21.24264578626781,122.2613,4.36,4.33,3.62109273885843,5,0
2025-05-06,25963.5,25963.5,0.02,25957.5,26005.0,-0.1595846952509139,24.465792445797604,122.0417,4.3,4.33,3.62109273885843,5,1
2025-05-07,25962.5,25962.5,0.0,25963.5,26005.0,-0.16343010959430915,24.11586614660263,122.117,4.26,4.33,3.62109273885843,5,2
2025-05-08,25963.5,25963.5,0.0,25962.5,26005.0,-0.1595846952509139,19.501282009161958,122.7568,4.37,4.33,3.62109273885843,5,3
2025-05-09,25978.5,25978.5,0.06,25963.5,26005.0,-0.10190348009998518,7.893034904324552,122.5191,4.37,4.33,3.62109273885843,5,4
2025-05-12,25971.0,25971.0,-0.03,25978.5,25957.5,0.05200809014735963,6.888396039782402,123.4863,4.45,4.33,3.62109273885843,5,0
2025-05-13,25961.5,25961.5,-0.04,25971.0,25963.5,-0.007703121690061376,7.249137879837404,122.9583,4.49,4.33,3.62109273885843,5,1
2025-05-14,25930.0,25930.0,-0.12,25961.5,25962.5,-0.12518054886856422,18.53172954693936,122.6746,4.53,4.33,3.62109273885843,5,2
2025-05-15,25947.5,25947.5,0.07,25930.0,25963.5,-0.06162497352052432,19.33455455915416,122.8174,4.45,4.33,3.62109273885843,5,3
2025-05-16,25921.5,25921.5,-0.1,25947.5,25978.5,-0.21941220624747126,20.756324337437686,123.0737,4.43,4.33,3.62109273885843,5,4
2025-05-19,25947.5,25947.5,0.1,25921.5,25971.0,-0.09048554156558808,15.84455742521403,122.4186,4.46,4.33,3.62109273885843,5,0
2025-05-20,25970.0,25970.0,0.09,25947.5,25961.5,0.03274078924562218,18.71029128583791,122.3199,4.48,4.33,3.62109273885843,5,1
2025-05-21,25973.0,25973.0,0.01,25970.0,25930.0,0.1658310836868404,20.8308665206442,121.7496,4.58,4.33,3.62109273885843,5,2
2025-05-22,25976.5,25976.5,0.01,25973.0,25947.5,0.11176413912707961,23.201831824252352,122.0429,4.54,4.33,3.62109273885843,5,3
2025-05-23,25954.0,25954.0,-0.09,25976.5,25921.5,0.1253785467661972,12.701377878044699,121.3837,4.51,4.33,3.62109273885843,5,4
2025-05-26,25912.5,25912.5,-0.16,25954.0,25947.5,-0.1348877541188953,26.43056942256238,121.3837,4.51,4.33,3.62109273885843,5,0
2025-05-27,25917.5,25917.5,0.02,25912.5,25970.0,-0.20215633423180668,30.22953853436898,121.6099,4.43,4.33,3.62109273885843,5,1
2025-05-28,25970.0,25970.0,0.2,25917.5,25973.0,-0.011550456243025753,29.600253377309393,121.9888,4.47,4.33,3.62109273885843,5,2
2025-05-29,26025.0,26025.0,0.21,25970.0,25976.5,0.1867072161376715,45.64893207952315,121.5617,4.43,4.33,3.62109273885843,5,3
2025-05-30,26021.5,26021.5,-0.01,26025.0,25954.0,0.2600755182245562,54.169410186939736,121.7674,4.41,4.33,3.62109273885843,5,4
2025-06-02,26029.0,26029.0,0.03,26021.5,25912.5,0.449589966232522,48.37535529586279,121.1881,4.46,4.33,3.62109273885843,6,0
2025-06-03,26055.0,26055.0,0.1,26029.0,25917.5,0.5305295649657538,30.956420981777104,121.4592,4.46,4.33,3.62109273885843,6,1
2025-06-04,26084.0,26084.0,0.11,26055.0,25970.0,0.43896804004621703,26.491508073362183,121.0539,4.37,4.33,3.62109273885843,6,2
2025-06-05,26082.5,26082.5,-0.01,26084.0,26025.0,0.22094140249759864,29.12773592301662,120.9596,4.4,4.33,3.62109273885843,6,3
2025-06-06,26054.0,26054.0,-0.11,26082.5,26021.5,0.12489672001998464,22.913969538274703,121.161,4.51,4.33,3.62109273885843,6,4
2025-06-09,26042.5,26042.5,-0.04,26054.0,26029.0,0.05186522724653919,18.605778672255482,120.9103,4.49,4.33,3.62109273885843,6,0
2025-06-10,26012.5,26012.5,-0.12,26042.5,26055.0,-0.16311648436000414,29.835800642867646,121.0485,4.47,4.33,3.62109273885843,6,1
2025-06-11,26030.0,26030.0,0.07,26012.5,26084.0,-0.2070234626591061,26.326317630859904,120.587,4.41,4.33,3.62109273885843,6,2
2025-06-12,26037.5,26037.5,0.03,26030.0,26082.5,-0.1725294737851102,15.445873235298706,120.1723,4.36,4.33,3.62109273885843,6,3
2025-06-13,26075.0,26075.0,0.14,26037.5,26054.0,0.0806018269747355,22.87192602298531,120.3245,4.41,4.33,3.62109273885843,6,4
2025-06-16,26061.5,26061.5,-0.05,26075.0,26042.5,0.07295766535471149,24.97648894462384,120.1565,4.46,4.33,3.62109273885843,6,0
2025-06-17,26081.5,26081.5,0.08,26061.5,26012.5,0.26525708793849745,22.658883467658658,120.5048,4.39,4.33,3.62109273885843,6,1
2025-06-18,26101.5,26101.5,0.08,26081.5,26030.0,0.2746830580099946,23.81281167776988,120.7305,4.38,4.33,3.62109273885843,6,2
2025-06-19,26128.0,26128.0,0.1,26101.5,26037.5,0.34757561209792787,25.906080367375495,120.7305,4.38,4.33,3.62109273885843,6,3
2025-06-20,26128.5,26128.5,0.0,26128.0,26075.0,0.20517737296261718,29.252350332937553,121.0408,4.38,4.33,3.62109273885843,6,4
2025-06-23,26215.0,26215.0,0.33,26128.5,26061.5,0.5889914241313798,50.96984402566742,121.1694,4.34,4.33,3.62109273885843,6,0
2025-06-24,26170.0,26170.0,-0.17,26215.0,26081.5,0.3393209746372028,44.47948965535522,120.3645,4.3,4.33,3.62109273885843,6,1
2025-06-25,26155.0,26155.0,-0.06,26170.0,26101.5,0.2049690630806733,35.929792651793484,120.3336,4.29,4.33,3.62109273885843,6,2
2025-06-26,26120.0,26120.0,-0.13,26155.0,26128.0,-0.030618493570111482,37.80145499846386,119.6451,4.26,4.33,3.62109273885843,6,3
2025-06-27,26095.0,26095.0,-0.1,26120.0,26128.5,-0.12821248827907805,46.287147244142,119.659,4.29,4.33,3.62109273885843,6,4
2025-06-30,26120.5,26120.5,0.1,26095.0,26215.0,-0.36048064085447695,30.07573772995231,119.4088,4.24,4.33,3.62109273885843,6,0
2025-07-01,26130.0,26130.0,0.04,26120.5,26170.0,-0.15284677111195855,21.599768517298106,119.3436,4.26,4.33,3.62109273885843,7,1
2025-07-02,26170.0,26170.0,0.15,26130.0,26155.0,0.05735041101126992,27.263528751811783,119.3037,4.3,4.33,3.62109273885843,7,2
2025-07-03,26200.0,26200.0,0.11,26170.0,26120.0,0.3062787136294043,41.70491577741043,119.2382,4.35,4.33,3.62109273885843,7,3
2025-07-04,26180.0,26180.0,-0.08,26200.0,26095.0,0.32573289902280145,33.764626460260565,119.2382,4.35,4.33,3.62109273885843,7,4
2025-07-07,26145.0,26145.0,-0.13,26180.0,26120.5,0.0937960605654542,27.838821814167098,119.6201,4.4,4.33,3.62109273885843,7,0
2025-07-08,26135.0,26135.0,-0.04,26145.0,26130.0,0.019135093761968314,26.315394733899506,119.8371,4.42,4.33,3.62109273885843,7,1
2025-07-09,26139.0,26139.0,0.02,26135.0,26170.0,-0.11845624761176454,28.68274742769495,119.7311,4.34,4.33,3.62109273885843,7,2
2025-07-10,26114.5,26114.5,-0.09,26139.0,26200.0,-0.32633587786259355,23.79495744902559,119.8343,4.35,4.33,3.62109273885843,7,3
2025-07-11,26114.5,26114.5,0.0,26114.5,26180.0,-0.2501909854850992,14.236397016132278,119.9214,4.43,4.33,3.62109273885843,7,4
2025-07-14,26125.0,26125.0,0.04,26114.5,26145.0,-0.07649646203863325,11.343500341646434,120.2209,4.43,4.33,3.62109273885843,7,0
2025-07-15,26137.5,26137.5,0.05,26125.0,26135.0,0.009565716472170749,11.902730779150374,120.5105,4.5,4.33,3.62109273885843,7,1
2025-07-16,26160.0,26160.0,0.09,26137.5,26139.0,0.08033972225409691,19.113476920773326,120.4175,4.46,4.33,3.62109273885843,7,2
2025-07-17,26160.0,26160.0,0.0,26160.0,26114.5,0.17423270596794715,20.492071637609723,120.6384,4.47,4.33,3.62109273885843,7,3
2025-07-18,26160.0,26160.0,0.0,26160.0,26114.5,0.17423270596794715,16.355427233824173,120.356,4.44,4.33,3.62109273885843,7,4
2025-07-21,26155.0,26155.0,-0.02,26160.0,26125.0,0.11483253588515652,9.746794344856028,119.9961,4.38,4.33,3.62109273885843,7,0
2025-07-22,26145.0,26145.0,-0.04,26155.0,26137.5,0.02869440459110084,6.519202405273014,119.681,4.35,4.33,3.62109273885843,7,1
2025-07-23,26150.0,26150.0,0.02,26145.0,26160.0,-0.03822629969418845,6.519202405273014,119.5697,4.4,4.33,3.62109273885843,7,2
2025-07-24,26135.0,26135.0,-0.06,26150.0,26160.0,-0.09556574923547112,9.617692030883369,119.5664,4.43,4.33,3.62109273885843,7,3
2025-07-25,26145.0,26145.0,0.04,26135.0,26160.0,-0.05733944954128267,7.4161984871575175,119.9857,4.4,4.33,3.62109273885843,7,4
2025-07-28,26200.0,26200.0,0.21,26145.0,26155.0,0.17205123303383196,25.739075352485322,120.6149,4.42,4.33,3.62109273885843,7,0
2025-07-29,26225.0,26225.0,0.1,26200.0,26145.0,0.305985848154533,39.27467377332264,120.9674,4.34,4.33,3.62109273885843,7,1
2025-07-30,26202.5,26202.5,-0.09,26225.0,26150.0,0.20076481835564763,39.27467377332264,121.4042,4.38,4.33,3.62109273885843,7,2
2025-07-31,26199.0,26199.0,-0.01,26202.5,26135.0,0.24488234168740242,29.558416737046635,121.721,4.37,4.33,3.62109273885843,7,3
2025-08-01,26220.0,26220.0,0.08,26199.0,26145.0,0.2868617326448719,12.245407302369822,121.2122,4.23,4.33,3.62109273885843,8,4
2025-08-04,26176.5,26176.5,-0.17,26220.0,26200.0,-0.08969465648854813,19.226934233021172,120.9859,4.22,4.33,3.62109273885843,8,0
2025-08-05,26250.0,26250.0,0.28,26176.5,26225.0,0.09532888465204614,27.380193571283066,120.9082,4.22,4.33,3.62109273885843,8,1
2025-08-06,26225.0,26225.0,-0.1,26250.0,26202.5,0.0858696689247207,27.76778709225744,120.5082,4.22,4.33,3.62109273885843,8,2
2025-08-07,26215.0,26215.0,-0.04,26225.0,26199.0,0.061071033245552186,26.484901359094113,120.5043,4.23,4.33,3.62109273885843,8,3
2025-08-08,26225.0,26225.0,0.04,26215.0,26220.0,0.019069412662098273,26.705804612498497,120.3329,4.27,4.33,3.62109273885843,8,4
2025-08-11,26233.0,26233.0,0.03,26225.0,26176.5,0.2158424541095938,13.06904740220025,120.6892,4.27,4.33,3.62109273885843,8,0
2025-08-12,26270.0,26270.0,0.14,26233.0,26250.0,0.07619047619047414,21.32604042012873,120.2736,4.29,4.33,3.62109273885843,8,1
2025-08-13,26290.0,26290.0,0.08,26270.0,26225.0,0.24785510009532885,31.942135182247725,120.13,4.24,4.33,3.62109273885843,8,2
2025-08-14,26265.0,26265.0,-0.1,26290.0,26215.0,0.19073049780660156,27.024063351039683,120.6446,4.29,4.33,3.62109273885843,8,3
2025-08-15,26270.0,26270.0,0.02,26265.0,26225.0,0.1715919923736875,20.598543637864854,120.3377,4.33,4.33,3.62109273885843,8,4
2025-08-18,26300.0,26300.0,0.11,26270.0,26233.0,0.25540349940913476,15.165750888137303,120.5622,4.34,4.33,3.62109273885843,8,0
2025-08-19,26320.0,26320.0,0.08,26300.0,26270.0,0.19033117624667195,22.472205054267313,120.7224,4.3,4.33,3.62109273885843,8,1
2025-08-20,26390.0,26390.0,0.27,26320.0,26290.0,0.38037276530999975,50.547007824410706,120.7757,4.29,4.33,3.62109273885843,8,2
2025-08-21,26432.5,26432.5,0.16,26390.0,26265.0,0.6377308204835286,66.94213919498716,121.0843,4.33,4.33,3.62109273885843,8,3
2025-08-22,26350.0,26350.0,-0.31,26432.5,26270.0,0.3045298819946751,53.490653389176664,120.2774,4.26,4.33,3.62109273885843,8,4
2025-08-25,26305.0,26305.0,-0.17,26350.0,26300.0,0.01901140684410496,52.15361924163113,120.4214,4.28,4.33,3.62109273885843,8,0
2025-08-26,26365.0,26365.0,0.23,26305.0,26320.0,0.17097264437690995,47.289005064613455,120.5274,4.26,4.33,3.62109273885843,8,1
2025-08-27,26380.0,26380.0,0.06,26365.0,26390.0,-0.0378931413414163,46.35461142109851,120.7274,4.24,4.33,3.62109273885843,8,2
2025-08-28,26375.0,26375.0,-0.02,26380.0,26432.5,-0.21753523124941054,30.20761493400359,120.2595,4.22,4.33,3.62109273885843,8,3
2025-08-29,26345.0,26345.0,-0.11,26375.0,26350.0,-0.018975332068316142,30.495901363970813,120.2082,4.23,4.33,3.62109273885843,8,4
2025-09-01,26345.0,26345.0,0.0,26345.0,26305.0,0.15206234556168763,16.431676725186534,120.2082,4.23,4.22,3.62109273885843,9,0
2025-09-02,26345.0,26345.0,0.0,26345.0,26365.0,-0.07585814526834822,17.888543820027298,120.6837,4.28,4.22,3.62109273885843,9,1
2025-09-03,26387.5,26387.5,0.16,26345.0,26380.0,0.028430629264586393,20.34084560683348,120.5052,4.22,4.22,3.62109273885843,9,2
2025-09-04,26390.0,26390.0,0.01,26387.5,26375.0,0.05687203791469031,23.979157616585216,120.7629,4.17,4.22,3.62109273885843,9,3
2025-09-05,26400.0,26400.0,0.04,26390.0,26345.0,0.20876826722338038,26.433879775792217,120.1282,4.1,4.22,3.62109273885843,9,4
2025-09-08,26415.0,26415.0,0.06,26400.0,26345.0,0.2657050673752215,26.100766272296237,120.0971,4.05,4.22,3.62109273885843,9,0
2025-09-09,26387.5,26387.5,-0.1,26415.0,26345.0,0.1613209337635313,11.805718953161508,120.1569,4.08,4.22,3.62109273885843,9,1
2025-09-10,26395.0,26395.0,0.03,26387.5,26387.5,0.02842254855519588,10.897247358899257,120.1223,4.04,4.22,3.62109273885843,9,2
2025-09-11,26402.5,26402.5,0.03,26395.0,26390.0,0.04736642667677593,10.155048005846,119.9534,4.01,4.22,3.62109273885843,9,3
2025-09-12,26385.0,26385.0,-0.07,26402.5,26400.0,-0.056818181818185653,12.17066144468068,120.0611,4.06,4.22,3.62109273885843,9,4
2025-09-15,26385.0,26385.0,0.0,26385.0,26415.0,-0.11357183418512218,7.62397534105645,119.5644,4.05,4.22,3.62109273885843,9,0
2025-09-16,26382.5,26382.5,-0.01,26385.0,26387.5,-0.01894836570345282,8.477912478967733,119.1348,4.04,4.22,3.62109273885843,9,1
2025-09-17,26375.0,26375.0,-0.03,26382.5,26395.0,-0.07577192650123354,10.093314619144536,119.1582,4.06,4.22,3.62109273885843,9,2
2025-09-18,26385.0,26385.0,0.04,26375.0,26402.5,-0.06628160212100997,4.330127019041916,119.6616,4.11,4.22,3.62109273885843,9,3
2025-09-19,26382.5,26382.5,-0.01,26385.0,26385.0,-0.009475080538179359,4.107919181414944,119.7858,4.14,4.22,3.62109273885843,9,4
2025-09-22,26417.5,26417.5,0.13,26382.5,26385.0,0.12317604699640938,16.639561292324892,119.8152,4.15,4.22,3.62109273885843,9,0
2025-09-23,26420.0,26420.0,0.01,26417.5,26382.5,0.14213967592153764,21.109831832609107,119.6202,4.12,4.22,3.62109273885843,9,1
2025-09-24,26419.0,26419.0,0.0,26420.0,26375.0,0.16682464454975676,19.256816974802458,120.1707,4.16,4.22,3.62109273885843,9,2
2025-09-25,26405.0,26405.0,-0.05,26419.0,26385.0,0.07580064430547928,15.900471691149408,120.5419,4.18,4.22,3.62109273885843,9,3
2025-09-26,26410.0,26410.0,0.02,26405.0,26382.5,0.1042357623424639,6.515366451785248,120.4349,4.2,4.22,3.62109273885843,9,4
2025-09-29,26421.0,26421.0,0.04,26410.0,26417.5,0.013248793413467297,7.106335201849682,120.115,4.15,4.22,3.62109273885843,9,0
2025-09-30,26427.0,26427.0,0.02,26421.0,26420.0,0.026495079485244766,8.820430828539111,120.1368,4.16,4.22,3.62109273885843,9,1
2025-10-01,26410.0,26410.0,-0.06,26427.0,26419.0,-0.03406639161209757,9.071934744090823,120.1502,4.12,4.09,3.62109273885843,10,2
2025-10-02,26395.5,26395.5,-0.05,26410.0,26405.0,-0.03597803446316883,12.080976781744534,120.4296,4.1,4.09,3.62109273885843,10,3
2025-10-03,26381.0,26381.0,-0.05,26395.5,26410.0,-0.10980689132904509,18.79627622698341,120.0881,4.13,4.09,3.62109273885843,10,4
2025-10-06,26365.0,26365.0,-0.06,26381.0,26421.0,-0.21195261345141603,24.201239637693668,120.2722,4.18,4.09,3.62109273885843,10,0
2025-10-07,26365.0,26365.0,0.0,26365.0,26427.0,-0.23460854429182554,19.601020381630086,120.4884,4.14,4.09,3.62109273885843,10,1
2025-10-08,26360.0,26360.0,-0.02,26365.0,26410.0,-0.18932222642937813,14.720733677404429,120.7766,4.13,4.09,3.62109273885843,10,2
2025-10-09,26347.5,26347.5,-0.05,26360.0,26395.5,-0.18184917883730112,12.029131307000833,121.0902,4.14,4.09,3.62109273885843,10,3
2025-10-10,26340.0,26340.0,-0.03,26347.5,26381.0,-0.15541488192259978,11.236102527169797,121.1163,4.05,4.09,3.62109273885843,10,4
2025-10-13,26345.0,26345.0,0.02,26340.0,26365.0,-0.07585814526834822,10.547511554915287,121.1163,4.05,4.09,3.62109273885843,10,0
2025-10-14,26355.5,26355.5,0.04,26345.0,26365.0,-0.03603261900246846,8.073103492528396,121.1822,4.03,4.09,3.62109273885843,10,1
2025-10-15,26340.0,26340.0,-0.06,26355.5,26360.0,-0.07587253414264028,6.416774890945366,120.8642,4.05,4.09,3.62109273885843,10,2
2025-10-16,26335.0,26335.0,-0.02,26340.0,26347.5,-0.047442831388178064,7.781388051052483,120.6698,3.99,4.09,3.62109273885843,10,3
2025-10-17,26342.0,26342.0,0.03,26335.0,26340.0,0.007593014426721112,7.632168761306564,120.7028,4.02,4.09,3.62109273885843,10,4
2025-10-20,26342.5,26342.5,0.0,26342.0,26345.0,-0.009489466691969817,7.591113225414555,120.6209,4.0,4.09,3.62109273885843,10,0
2025-10-21,26343.0,26343.0,0.0,26342.5,26355.5,-0.047428430498375196,3.2787192623132233,120.8895,3.98,4.09,3.62109273885843,10,1
2025-10-22,26347.5,26347.5,0.02,26343.0,26340.0,0.028473804100226374,4.486089611350153,120.8958,3.97,4.09,3.62109273885843,10,2
2025-10-23,26332.0,26332.0,-0.06,26347.5,26335.0,-0.011391684070627406,5.694295391096957,120.9531,4.01,4.09,3.62109273885843,10,3
2025-10-24,26305.0,26305.0,-0.1,26332.0,26342.0,-0.14046010173867085,17.179202542640574,120.9345,4.02,4.09,3.62109273885843,10,4
2025-10-27,26305.0,26305.0,0.0,26305.0,26342.5,-0.1423555091582096,20.420577856688293,120.7988,4.01,4.09,3.62109273885843,10,0
2025-10-28,26328.0,26328.0,0.09,26305.0,26343.0,-0.0569411228789396,18.391574157778564,120.6361,3.99,4.09,3.62109273885843,10,1
2025-10-29,26336.0,26336.0,0.03,26328.0,26347.5,-0.04364740487712293,15.056560032127688,120.5312,4.08,4.09,3.62109273885843,10,2
2025-10-30,26330.0,26330.0,-0.02,26336.0,26332.0,-0.007595321282094503,14.720733677404448,121.2832,4.11,4.09,3.62109273885843,10,3
2025-10-31,26315.0,26315.0,-0.06,26330.0,26305.0,0.03801558639042746,12.557866060803137,121.3859,4.11,4.09,3.62109273885843,10,4
2025-11-03,26312.0,26312.0,-0.01,26315.0,26305.0,0.02661091047329034,10.256705124019026,121.4512,4.13,4.09,3.62109273885843,11,0
2025-11-04,26320.0,26320.0,0.03,26312.0,26328.0,-0.030385900941964916,10.139033484562413,121.8271,4.1,4.09,3.62109273885843,11,1
2025-11-05,26322.5,26322.5,0.01,26320.0,26336.0,-0.051260631834748605,6.985699678705816,121.8482,4.17,4.09,3.62109273885843,11,2
2025-11-06,26315.0,26315.0,-0.03,26322.5,26330.0,-0.056969236612225416,4.2485291573762325,121.6948,4.11,4.09,3.62109273885843,11,3
2025-11-07,26310.0,26310.0,-0.02,26315.0,26315.0,-0.019000570017102536,5.272570530687837,121.388,4.11,4.09,3.62109273885843,11,4
2025-11-10,26300.0,26300.0,-0.04,26310.0,26312.0,-0.04560656734570179,8.944271910059312,121.2984,4.13,4.09,3.62109273885843,11,0
2025-11-11,26315.0,26315.0,0.06,26300.0,26320.0,-0.01899696048631716,8.291561975953387,121.2984,4.13,4.09,3.62109273885843,11,1
2025-11-12,26355.0,26355.0,0.15,26315.0,26322.5,0.12346851552853533,21.035683967988206,121.0458,4.08,4.09,3.62109273885843,11,2
2025-11-13,26355.0,26355.0,0.0,26355.0,26315.0,0.15200456013679808,26.12470095524686,120.7725,4.11,4.09,3.62109273885843,11,3
2025-11-14,26350.0,26350.0,-0.02,26355.0,26310.0,0.15203344735841284,25.739075352488403,120.9666,4.14,4.09,3.62109273885843,11,4
2025-11-17,26355.0,26355.0,0.02,26350.0,26300.0,0.20912547528517678,17.464249196603788,121.1146,4.13,4.09,3.62109273885843,11,0
2025-11-18,26383.0,26383.0,0.11,26355.0,26315.0,0.25840775223255896,13.258959235214757,121.2127,4.12,4.09,3.62109273885843,11,1
2025-11-19,26377.0,26377.0,-0.02,26383.0,26355.0,0.08347562132422492,14.899664425787877,121.4978,4.13,4.09,3.62109273885843,11,2
2025-11-20,26376.0,26376.0,0.0,26377.0,26355.0,0.07968127490038945,14.686728703189386,121.6889,4.1,4.09,3.62109273885843,11,3
2025-11-21,26353.0,26353.0,-0.09,26376.0,26350.0,0.011385199240976362,13.791301606486579,121.8653,4.06,4.09,3.62109273885843,11,4
2025-11-24,26375.5,26375.5,0.09,26353.0,26355.0,0.07778410168848282,11.52388823275726,121.9171,4.04,4.09,3.62109273885843,11,0
2025-11-25,26373.0,26373.0,-0.01,26375.5,26383.0,-0.03790319523936381,10.114346246845857,121.6335,4.01,4.09,3.62109273885843,11,1
2025-11-26,26376.5,26376.5,0.01,26373.0,26377.0,-0.0018955908556717027,10.041165271077304,121.2437,4.0,4.09,3.62109273885843,11,2
2025-11-27,26375.5,26375.5,0.0,26376.5,26376.0,-0.0018956627236832446,9.97872737382311,121.2437,4.0,4.09,3.62109273885843,11,3
2025-11-28,26365.0,26365.0,-0.04,26375.5,26353.0,0.04553561264373229,4.709033871303004,121.0527,4.02,4.09,3.62109273885843,11,4
2025-12-01,26370.0,26370.0,0.02,26365.0,26375.5,-0.020852685257155557,4.650268809550461,120.9862,4.09,3.72,3.62109273885843,12,0
2025-12-02,26375.0,26375.0,0.02,26370.0,26373.0,0.007583513441766776,4.839938016243254,121.1467,4.09,3.72,3.62109273885843,12,1
2025-12-03,26372.5,26372.5,-0.01,26375.0,26376.5,-0.015165014311979697,4.292435206392632,120.7336,4.06,3.72,3.62109273885843,12,2
2025-12-04,26374.5,26374.5,0.01,26372.5,26375.5,-0.0037913973194858563,4.083503397950805,120.6766,4.11,3.72,3.62109273885843,12,3
2025-12-05,26360.0,26360.0,-0.05,26374.5,26365.0,-0.01896453631708983,6.1379964158573435,120.6863,4.14,3.72,3.62109273885843,12,4
2025-12-08,26360.0,26360.0,0.0,26360.0,26370.0,-0.03792188092529569,7.72495954688963,120.776,4.17,3.72,3.62109273885843,12,0
2025-12-09,26372.5,26372.5,0.05,26360.0,26375.0,-0.009478672985785419,7.2577544737392525,120.6832,4.18,3.72,3.62109273885843,12,1
2025-12-10,26357.0,26357.0,-0.06,26372.5,26372.5,-0.058773343444873394,8.066907709964362,120.6752,4.13,3.72,3.62109273885843,12,2
2025-12-11,26327.5,26327.5,-0.11,26357.0,26374.5,-0.17820243037782735,16.701047871349058,119.98,4.14,3.72,3.62109273885843,12,3
2025-12-12,26306.0,26306.0,-0.08,26327.5,26360.0,-0.20485584218512543,27.164774985283376,120.1442,4.19,3.72,3.62109273885843,12,4
2025-12-15,26320.0,26320.0,0.05,26306.0,26360.0,-0.15174506828528056,27.384758534649578,119.9561,4.18,3.72,3.62109273885843,12,0
2025-12-16,26345.0,26345.0,0.09,26320.0,26372.5,-0.10427528675703845,20.18786764373724,119.8902,4.15,3.72,3.62109273885843,12,1
2025-12-17,26335.0,26335.0,-0.04,26345.0,26357.0,-0.08346928709640489,14.813844875691093,120.155,4.16,3.72,3.62109273885843,12,2
2025-12-18,26325.0,26325.0,-0.04,26335.0,26327.5,-0.009495774380396949,14.822280526323866,120.0528,4.12,3.72,3.62109273885843,12,3
2025-12-19,26312.5,26312.5,-0.05,26325.0,26306.0,0.02470919181936093,12.747548784022563,120.1652,4.16,3.72,3.62109273885843,12,4
2025-12-22,26340.0,26340.0,0.1,26312.5,26320.0,0.07598784194529085,12.942179105584774,119.9912,4.17,3.72,3.62109273885843,12,0
2025-12-23,26331.0,26331.0,-0.03,26340.0,26345.0,-0.053141013475044296,10.592450141541125,119.7057,4.18,3.72,3.62109273885843,12,1
2025-12-24,26320.0,26320.0,-0.04,26331.0,26335.0,-0.05695842035313703,10.485704554346233,119.4372,4.15,3.72,3.62109273885843,12,2
2025-12-25,26280.0,26280.0,-0.15,26320.0,26325.0,-0.17094017094017033,23.03692687840645,119.4372,4.15,3.72,3.62109273885843,12,3
2025-12-26,26291.0,26291.0,0.04,26280.0,26312.5,-0.08171021377672005,25.851498989440714,119.4723,4.14,3.72,3.62109273885843,12,4
2025-12-29,26285.0,26285.0,-0.02,26291.0,26340.0,-0.2088078967350082,22.67818334878423,119.5899,4.12,3.72,3.62109273885843,12,0
2025-12-30,26265.0,26265.0,-0.08,26285.0,26331.0,-0.25065512133986,20.216330032948438,119.4939,4.14,3.72,3.62109273885843,12,1
2025-12-31,26300.0,26300.0,0.13,26265.0,26320.0,-0.07598784194529085,13.065221008505622,119.7456,4.18,3.72,3.62109273885843,12,2
2026-01-01,26300.0,26300.0,0.0,26300.0,26280.0,0.07610350076103778,14.446452851862738,119.7456,4.18,3.64,3.62109273885843,1,3
2026-01-02,26300.0,26300.0,0.0,26300.0,26291.0,0.03423224677645553,15.411035007457924,119.6059,4.19,3.64,3.62109273885843,1,4
2026-01-05,26274.5,26274.5,-0.1,26300.0,26285.0,-0.0399467376830942,16.905620367235855,119.6192,4.17,3.64,3.62109273885843,1,0
2026-01-06,26275.5,26275.5,0.0,26274.5,26265.0,0.03997715591090856,13.697627531842489,119.7807,4.18,3.64,3.62109273885843,1,1
2026-01-07,26274.0,26274.0,-0.01,26275.5,26300.0,-0.09885931558935024,13.886144173278877,119.8719,4.15,3.64,3.62109273885843,1,2
2026-01-08,26270.0,26270.0,-0.02,26274.0,26300.0,-0.11406844106464087,12.034325905553724,120.0904,4.19,3.64,3.62109273885843,1,3
2026-01-09,26270.0,26270.0,0.0,26270.0,26300.0,-0.11406844106464087,2.612470095728557,120.2215,4.18,3.64,3.62109273885843,1,4
2026-01-12,26275.0,26275.0,0.08,26270.0,26274.5,0.001902985784685285,2.7018512174201295,119.9958,4.19,3.64,3.62109273885843,1,0
2026-01-13,26287.5,26287.5,0.05,26275.0,26275.5,0.045669920648516715,7.190271204974024,120.1401,4.18,3.64,3.62109273885843,1,1
2026-01-14,26277.5,26277.5,-0.04,26287.5,26274.0,0.013321153992529311,7.202430145518864,119.9537,4.15,3.64,3.62109273885843,1,2
2026-01-15,26270.0,26270.0,-0.03,26277.5,26270.0,0.0,7.202430145518864,119.9951,4.17,3.64,3.62109273885843,1,3
2026-01-16,26275.0,26275.0,0.02,26270.0,26270.0,0.019033117624656093,6.471089552855754,120.0838,4.24,3.64,3.62109273885843,1,4
2026-01-19,26265.0,26265.0,-0.04,26275.0,26275.0,-0.038058991436729084,8.477912478970214,120.0838,4.24,3.64,3.62109273885843,1,0
2026-01-20,26265.0,26265.0,0.0,26265.0,26287.5,-0.08559201141227213,5.700877125590314,119.4455,4.3,3.64,3.62109273885843,1,1
2026-01-21,26265.0,26265.0,0.0,26265.0,26277.5,-0.0475692132052119,4.472135955120203,119.3431,4.26,3.64,3.62109273885843,1,2
2026-01-22,26269.5,26269.5,0.02,26265.0,26270.0,-0.0019033117624633888,4.42153819400875,119.1962,4.26,3.64,3.62109273885843,1,3
2026-01-23,26245.0,26245.0,-0.09,26269.5,26275.0,-0.11417697431017615,9.646242791941797,118.8976,4.24,3.64,3.62109273885843,1,4
2026-01-26,26187.5,26187.5,-0.22,26245.0,26265.0,-0.29506948410432665,34.266237027154254,118.0525,4.22,3.64,3.62109273885843,1,0
2026-01-27,26134.0,26134.0,-0.2,26187.5,26265.0,-0.4987626118408528,58.20717309748985,117.4523,4.24,3.64,3.62109273885843,1,1
2026-01-28,26065.0,26065.0,-0.26,26134.0,26265.0,-0.7614696363982487,83.11483020497114,117.5117,4.26,3.64,3.62109273885843,1,2
2026-01-29,26000.0,26000.0,-0.25,26065.0,26269.5,-1.02590456613183,96.95849627547436,117.4396,4.24,3.64,3.62109273885843,1,3
2026-01-30,25940.0,25940.0,-0.23,26000.0,26245.0,-1.162126119260809,99.51984726676945,117.8996,4.26,3.64,3.62109273885843,1,4
2026-02-02,26020.0,26020.0,0.31,25940.0,26187.5,-0.6396181384248245,72.67186525747833,118.3609,4.29,3.64,3.62109273885843,2,0
2026-02-03,26002.0,26002.0,-0.07,26020.0,26134.0,-0.5050891558888826,44.953309110688,117.9764,4.28,3.64,3.62109273885843,2,1
2026-02-04,25982.0,25982.0,-0.08,26002.0,26065.0,-0.31843468252445994,30.417100453545704,118.2602,4.29,3.64,3.62109273885843,2,2
2026-02-05,25955.0,25955.0,-0.1,25982.0,26000.0,-0.17307692307692024,32.83595590204558,118.5034,4.21,3.64,3.62109273885843,2,3
2026-02-06,25950.0,25950.0,-0.02,25955.0,25940.0,0.03855050115650904,29.986663702404172,118.2407,4.22,3.64,3.62109273885843,2,4
2026-02-09,25910.0,25910.0,-0.15,25950.0,26020.0,-0.42275172943889716,34.90272195690565,117.6392,4.22,3.64,3.62109273885843,2,0
2026-02-10,25885.0,25885.0,-0.1,25910.0,26002.0,-0.44996538727790636,38.565528649314246,117.5216,4.16,3.64,3.62109273885843,2,1
2026-02-11,26000.0,26000.0,0.44,25885.0,25982.0,0.06927873142945629,44.30011286668577,117.4601,4.18,3.64,3.62109273885843,2,2
2026-02-12,25960.0,25960.0,-0.15,26000.0,25955.0,0.01926411096127012,44.77722635448849,117.5376,4.09,3.64,3.62109273885843,2,3
2026-02-13,25970.0,25970.0,0.04,25960.0,25950.0,0.07707129094411957,46.636895265455856,117.5258,4.04,3.64,3.62109273885843,2,4
2026-02-16,25970.0,25970.0,0.0,25970.0,25910.0,0.2315708220764101,42.95346318984185,117.5258,4.04,3.64,3.62109273885843,2,0
2026-02-17,25970.0,25970.0,0.0,25970.0,25885.0,0.32837550705040464,15.165750888139323,117.7375,4.05,3.64,3.62109273885843,2,1
2026-02-18,25970.0,25970.0,0.0,25970.0,26000.0,-0.1153846153846172,4.472135955122415,117.8426,4.09,3.64,3.62109273885843,2,2
2026-02-19,25970.0,25970.0,0.0,25970.0,25960.0,0.038520801232655444,0.0,118.2354,4.08,3.64,3.62109273885843,2,3
2026-02-20,25970.0,25970.0,0.0,25970.0,25970.0,0.0,0.0,117.9917,4.08,3.64,3.62109273885843,2,4
2026-02-23,26120.0,26120.0,0.58,25970.0,25970.0,0.5775895263765873,67.08203932500189,117.9395,4.03,3.64,3.62109273885843,2,0
2026-02-24,26195.0,26195.0,0.29,26120.0,25970.0,0.8663842895648921,106.0660171779873,117.9463,4.04,3.64,3.62109273885843,2,1
2026-02-25,26102.0,26102.0,-0.36,26195.0,25970.0,0.5082787832114022,98.91814798105091,117.769,4.05,3.64,3.62109273885843,2,2
2026-02-26,26075.0,26075.0,-0.1,26102.0,25970.0,0.40431266846361336,81.64741269630684,117.9042,4.02,3.64,3.62109273885843,2,3
2026-02-27,26045.0,26045.0,-0.12,26075.0,25970.0,0.28879476318830477,56.58003181336168,117.8223,3.97,3.64,3.62109273885843,2,4
2026-03-02,26165.0,26165.0,0.46,26045.0,26120.0,0.17228177641654963,62.36826115903027,118.667,4.05,3.64,3.62109273885843,3,0
2026-03-03,26200.0,26200.0,0.13,26165.0,26195.0,0.019087612139712107,63.96327071062737,119.4341,4.06,3.64,3.62109273885843,3,1
2026-03-04,26220.0,26220.0,0.08,26200.0,26102.0,0.45207263811202214,77.24959546820291,119.0705,4.09,3.64,3.62109273885843,3,2
2026-03-05,26215.0,26215.0,-0.02,26220.0,26075.0,0.5369127516778427,72.57754473665388,119.5683,4.13,3.64,3.62109273885843,3,3
2026-03-06,26240.0,26240.0,0.1,26215.0,26045.0,0.7487041658667648,27.973201461416515,119.491,4.15,3.64,3.62109273885843,3,4
